ID,Drug,SMILES,Name
0,DB00860,C[C@]12C=CC(=O)C=C1CC[C@@H]1[C@@H]2[C@@H](O)C[C@@]2(C)[C@H]1CC[C@]2(O)C(=O)CO,Prednisolone
1,DB01234,C[C@@H]1C[C@H]2[C@@H]3CCC4=CC(=O)C=C[C@]4(C)[C@@]3(F)[C@@H](O)C[C@]2(C)[C@@]1(O)C(=O)CO,Dexamethasone
2,DB00959,C[C@H]1C[C@@H]2[C@H]([C@@H](O)C[C@@]3(C)[C@H]2CC[C@]3(O)C(=O)CO)[C@@]2(C)C=CC(=O)C=C12,Methylprednisolone
3,DB00443,C[C@H]1C[C@H]2[C@@H]3CCC4=CC(=O)C=C[C@]4(C)[C@@]3(F)[C@@H](O)C[C@]2(C)[C@@]1(O)C(=O)CO,Betamethasone
4,DB00741,C[C@]12CCC(=O)C=C1CC[C@@H]1[C@@H]2[C@@H](O)C[C@@]2(C)[C@H]1CC[C@]2(O)C(=O)CO,Hydrocortisone
5,DB00620,C[C@]12C=CC(=O)C=C1CC[C@H]1[C@@H]3C[C@@H](O)[C@](O)(C(=O)CO)[C@@]3(C)C[C@H](O)[C@@]12F,Triamcinolone
6,DB00635,C[C@]12C=CC(=O)C=C1CC[C@@H]1[C@@H]2C(=O)C[C@@]2(C)[C@H]1CC[C@]2(O)C(=O)CO,Prednisone
7,DB01380,CC(=O)OCC(=O)[C@@]1(O)CC[C@H]2[C@@H]3CCC4=CC(=O)CC[C@]4(C)[C@H]3C(=O)C[C@@]21C,Cortisone acetate
8,DB00618,CN(C)[C@@H]1C(O)=C(C(N)=O)C(=O)[C@@]2(O)C(O)=C3C(=O)c4c(O)ccc(Cl)c4[C@@H](O)[C@H]3C[C@@H]12,Demeclocycline
9,DB00773,COc1cc([C@@H]2c3cc4c(cc3[C@@H](O[C@@H]3O[C@@H]5CO[C@@H](C)O[C@H]5[C@H](O)[C@H]3O)[C@H]3COC(=O)[C@H]23)OCO4)cc(OC)c1O,Etoposide
10,DB01181,O=P1(NCCCl)OCCCN1CCCl,Ifosfamide
11,DB00987,Nc1ccn([C@@H]2O[C@H](CO)[C@@H](O)[C@@H]2O)c(=O)n1,Cytarabine
12,DB00563,CN(Cc1cnc2nc(=N)[nH]c(N)c2n1)c1ccc(C(=O)N[C@@H](CCC(=O)O)C(=O)O)cc1,Methotrexate
13,DB00993,Cn1cnc([N+](=O)[O-])c1Sc1ncnc2nc[nH]c12,Azathioprine
14,DB00544,O=c1[nH]cc(F)c(=O)[nH]1,Fluorouracil
15,DB00945,CC(=O)Oc1ccccc1C(=O)O,Acetylsalicylic acid
16,DB00446,O=C(N[C@H](CO)[C@H](O)c1ccc([N+](=O)[O-])cc1)C(Cl)Cl,Chloramphenicol
17,DB00309,CC[C@]1(O)C[C@@H]2CN(CCc3c([nH]c4ccccc34)[C@@](C(=O)OC)(c3cc4c(cc3OC)N(C)[C@H]3[C@@](O)(C(N)=O)[C@H](O)[C@]5(CC)C=CCN6CC[C@]43[C@@H]65)C2)C1,Vindesine
18,DB00997,COc1cccc2c1C(=O)c1c(O)c3c(c(O)c1C2=O)C[C@@](O)(C(=O)CO)C[C@@H]3O[C@H]1C[C@H](N)[C@H](O)[C@H](C)O1,Doxorubicin
19,DB01042,N[C@@H](Cc1ccc(N(CCCl)CCCl)cc1)C(=O)O,Melphalan
20,DB01229,CC(=O)O[C@H]1C(=O)[C@@]2(C)[C@H]([C@H](OC(=O)c3ccccc3)[C@]3(O)C[C@H](OC(=O)[C@H](O)[C@@H](NC(=O)c4ccccc4)c4ccccc4)C(C)=C1C3(C)C)[C@]1(OC(C)=O)CO[C@@H]1C[C@@H]2O,Paclitaxel
21,DB00199,CC[C@H]1OC(=O)[C@H](C)[C@@H](O[C@H]2C[C@@](C)(OC)[C@@H](O)[C@H](C)O2)[C@H](C)[C@@H](O[C@@H]2O[C@H](C)C[C@H](N(C)C)[C@H]2O)[C@](C)(O)C[C@@H](C)C(=O)[C@H](C)[C@@H](O)[C@]1(C)O,Erythromycin
22,DB00305,CO[C@@]12[C@H](COC(N)=O)C3=C(C(=O)C(C)=C(N)C3=O)N1C[C@@H]1N[C@@H]12,Mitomycin
23,DB13832,CO[C@H]1O[C@H](CNC(=O)N(CCCl)N=O)[C@@H](O)[C@H](O)[C@H]1O,Ranimustine
24,DB00627,O=C(O)c1cccnc1,Niacin
25,DB00091,C/C=C/C[C@@H](C)[C@@H](O)[C@H]1C(=O)N[C@@H](CC)C(=O)N(C)CC(=O)N(C)[C@@H](CC(C)C)C(=O)N[C@@H](C(C)C)C(=O)N(C)[C@@H](CC(C)C)C(=O)N[C@@H](C)C(=O)N[C@H](C)C(=O)N(C)[C@@H](CC(C)C)C(=O)N(C)[C@@H](CC(C)C)C(=O)N(C)[C@@H](C(C)C)C(=O)N1C,Cyclosporine
26,DB01073,Nc1nc(F)nc2c1ncn2[C@@H]1O[C@H](CO)[C@@H](O)[C@@H]1O,Fludarabine
27,DB00681,C[C@@H]1[C@H](O)[C@@H](C)/C=C/C=C/C=C/C=C/C=C/C=C/C=C/[C@H](O[C@@H]2O[C@H](C)[C@@H](O)[C@H](N)[C@@H]2O)C[C@@H]2O[C@](O)(C[C@@H](O)C[C@@H](O)[C@H](O)CC[C@@H](O)C[C@@H](O)CC(=O)O[C@H]1C)C[C@H](O)[C@H]2C(=O)O,Amphotericin B
28,DB01068,O=C1CN=C(c2ccccc2Cl)c2cc([N+](=O)[O-])ccc2N1,Clonazepam
29,DB00575,Clc1cccc(Cl)c1NC1=NCCN1,Clonidine
30,DB00788,COc1ccc2cc([C@H](C)C(=O)O)ccc2c1,Naproxen
31,DB01167,CCC(C)n1ncn(-c2ccc(N3CCN(c4ccc(OC[C@H]5CO[C@](Cn6cncn6)(c6ccc(Cl)cc6Cl)O5)cc4)CC3)cc2)c1=O,Itraconazole
32,DB01026,CC(=O)N1CCN(c2ccc(OCC3COC(Cn4ccnc4)(c4ccc(Cl)cc4Cl)O3)cc2)CC1,Ketoconazole
33,DB01248,CC(=O)O[C@@]12CO[C@@H]1C[C@H](O)[C@@]1(C)C(=O)[C@H](O)C3=C(C)[C@@H](OC(=O)[C@H](O)[C@@H](NC(=O)OC(C)(C)C)c4ccccc4)C[C@@](O)([C@@H](OC(=O)c4ccccc4)[C@H]21)C3(C)C,Docetaxel
34,DB00541,CC[C@]1(O)C[C@@H]2C[N@@](CCc3c([nH]c4ccccc34)[C@@](C(=O)OC)(c3cc4c(cc3OC)N(C=O)[C@H]3[C@@](O)(C(=O)OC)[C@H](OC(C)=O)[C@]5(CC)C=CCN6CC[C@]43[C@@H]65)C2)C1,Vincristine
35,DB00996,NCC1(CC(=O)O)CCCCC1,Gabapentin
36,DB00262,O=NN(CCCl)C(=O)NCCCl,Carmustine
37,DB00619,Cc1ccc(NC(=O)c2ccc(CN3CCN(C)CC3)cc2)cc1Nc1nccc(-c2cccnc2)n1,Imatinib
38,DB00864,C=CC[C@@H]1/C=C(\C)C[C@H](C)C[C@H](OC)[C@H]2O[C@@](O)(C(=O)C(=O)N3CCCC[C@H]3C(=O)O[C@H](/C(C)=C/[C@@H]3CC[C@@H](O)[C@H](OC)C3)[C@H](C)[C@@H](O)CC1=O)[C@H](C)C[C@@H]2OC,Tacrolimus
39,DB00770,CCCCC[C@H](O)/C=C/[C@H]1[C@H](O)CC(=O)[C@@H]1CCCCCCC(=O)O,Alprostadil
40,DB00755,CC1=C(/C=C/C(C)=C/C=C/C(C)=C/C(=O)O)C(C)(C)CCC1,Tretinoin
41,DB00909,NS(=O)(=O)Cc1noc2ccccc12,Zonisamide
42,DB00472,CNCCC(Oc1ccc(C(F)(F)F)cc1)c1ccccc1,Fluoxetine
43,DB00926,CCOC(=O)C=C(C)C=CC=C(C)C=Cc1c(C)cc(OC)c(C)c1C,Etretinate
44,DB00181,NCC(CC(=O)O)c1ccc(Cl)cc1,Baclofen
45,DB00328,COc1ccc2c(c1)c(CC(=O)O)c(C)n2C(=O)c1ccc(Cl)cc1,Indomethacin
46,DB00936,O=C(O)c1ccccc1O,Salicylic acid
47,DB01008,CS(=O)(=O)OCCCCOS(C)(=O)=O,Busulfan
48,DB01165,CC1COc2c(N3CCN(C)CC3)c(F)cc3c(=O)c(C(=O)O)cn1c23,Ofloxacin
49,DB01005,NC(=O)NO,Hydroxyurea
50,DB00136,C=C1/C(=C\C=C2/CCC[C@]3(C)[C@@H]([C@H](C)CCCC(C)(C)O)CC[C@@H]23)C[C@@H](O)C[C@@H]1O,Calcitriol
51,DB00794,CCC1(c2ccccc2)C(=O)NCNC1=O,Primidone
52,DB00482,Cc1ccc(-c2cc(C(F)(F)F)nn2-c2ccc(S(N)(=O)=O)cc2)cc1,Celecoxib
53,DB00916,Cc1ncc([N+](=O)[O-])n1CCO,Metronidazole
54,DB00399,O=P(O)(O)C(O)(Cn1ccnc1)P(=O)(O)O,Zoledronic acid
55,DB00282,NCCC(O)(P(=O)(O)O)P(=O)(O)O,Pamidronic acid
56,DB01219,O=C1CN(/N=C/c2ccc(-c3ccc([N+](=O)[O-])cc3)o2)C(=O)N1,Dantrolene
57,DB00977,C#C[C@]1(O)CC[C@H]2[C@@H]3CCc4cc(O)ccc4[C@H]3CC[C@@]21C,Ethinylestradiol
58,DB00883,O=[N+]([O-])O[C@H]1CO[C@H]2[C@@H]1OC[C@H]2O[N+](=O)[O-],Isosorbide dinitrate
59,DB01050,CC(C)Cc1ccc(C(C)C(=O)O)cc1,Ibuprofen
60,DB00570,CC[C@]1(O)C[C@@H]2CN(CCc3c([nH]c4ccccc34)[C@@](C(=O)OC)(c3cc4c(cc3OC)N(C)[C@H]3[C@@](O)(C(=O)OC)[C@H](OC(C)=O)[C@]5(CC)C=CCN6CC[C@]43[C@@H]65)C2)C1,Vinblastine
61,DB00537,O=C(O)c1cn(C2CC2)c2cc(N3CCNCC3)c(F)cc2c1=O,Ciprofloxacin
62,DB00242,Nc1nc(Cl)nc2c1ncn2[C@H]1C[C@H](O)[C@@H](CO)O1,Cladribine
63,DB14512,C[C@@H]1C[C@H]2[C@@H]3CCC4=CC(=O)C=C[C@]4(C)[C@@]3(Cl)[C@@H](O)C[C@]2(C)[C@@]1(OC(=O)c1ccco1)C(=O)CCl,Mometasone furoate
64,DB00692,Cc1ccc(N(CC2=NCCN2)c2cccc(O)c2)cc1,Phentolamine
65,DB00338,COc1ccc2nc(S(=O)Cc3ncc(C)c(OC)c3C)[nH]c2c1,Omeprazole
66,DB01101,CCCCCOC(=O)Nc1nc(=O)n([C@@H]2O[C@H](C)[C@@H](O)[C@H]2O)cc1F,Capecitabine
67,DB01590,CO[C@H]1C[C@@H]2CC[C@@H](C)[C@@](O)(O2)C(=O)C(=O)N2CCCC[C@H]2C(=O)O[C@H]([C@H](C)C[C@@H]2CC[C@@H](OCCO)[C@H](OC)C2)CC(=O)[C@H](C)/C=C(\C)[C@@H](O)[C@@H](OC)C(=O)[C@H](C)C[C@H](C)/C=C/C=C/C=C/1C,Everolimus
68,DB00571,CC(C)NCC(O)COc1cccc2ccccc12,Propranolol
69,DB01013,CCC(=O)O[C@]1(C(=O)CCl)[C@@H](C)C[C@H]2[C@@H]3CCC4=CC(=O)C=C[C@]4(C)[C@@]3(F)[C@@H](O)C[C@@]21C,Clobetasol propionate
70,DB00722,NCCCC[C@H](N[C@@H](CCc1ccccc1)C(=O)O)C(=O)N1CCC[C@H]1C(=O)O,Lisinopril
71,DB00434,CN1CCC(=C2c3ccccc3C=Cc3ccccc32)CC1,Cyproheptadine
72,DB01058,O=C(C1CCCCC1)N1CC(=O)N2CCc3ccccc3C2C1,Praziquantel
73,DB01222,CCCC1O[C@@H]2C[C@H]3[C@@H]4CCC5=CC(=O)C=C[C@]5(C)[C@H]4[C@@H](O)C[C@]3(C)[C@]2(C(=O)CO)O1,Budesonide
74,DB00991,O=C(O)CCc1nc(-c2ccccc2)c(-c2ccccc2)o1,Oxaprozin
75,DB01059,CCn1cc(C(=O)O)c(=O)c2cc(F)c(N3CCNCC3)cc21,Norfloxacin
76,DB03209,O=C(O)c1nc(=O)[nH]c(=O)[nH]1,Oteracil
77,DB00783,C[C@]12CC[C@@H]3c4ccc(O)cc4CC[C@H]3[C@@H]1CC[C@@H]2O,Estradiol
78,DB01204,O=C1c2c(O)ccc(O)c2C(=O)c2c(NCCNCCO)ccc(NCCNCCO)c21,Mitoxantrone
79,DB00248,C=CCN1C[C@H](C(=O)N(CCCN(C)C)C(=O)NCC)C[C@@H]2c3cccc4[nH]cc(c34)C[C@H]21,Cabergoline
80,DB01037,C#CCN(C)[C@H](C)Cc1ccccc1,Selegiline
81,DB00712,CC(C(=O)O)c1ccc(-c2ccccc2)c(F)c1,Flurbiprofen
82,DB06769,Cn1c(CCCC(=O)O)nc2cc(N(CCCl)CCCl)ccc21,Bendamustine
83,DB01174,CCC1(c2ccccc2)C(=O)NC(=O)NC1=O,Phenobarbital
84,DB01202,CC[C@@H](C(N)=O)N1CCCC1=O,Levetiracetam
85,DB01070,CC(C)[C@@H](C)/C=C/[C@@H](C)[C@H]1CC[C@H]2/C(=C/C=C3\C[C@@H](O)CC[C@@H]3C)CCC[C@]12C,Dihydrotachysterol
86,DB01039,CC(C)OC(=O)C(C)(C)Oc1ccc(C(=O)c2ccc(Cl)cc2)cc1,Fenofibrate
87,DB00776,NC(=O)N1c2ccccc2CC(=O)c2ccccc21,Oxcarbazepine
88,DB00717,C#C[C@]1(O)CC[C@H]2[C@@H]3CCC4=CC(=O)CC[C@@H]4[C@H]3CC[C@@]21C,Norethisterone
89,DB01197,C[C@H](CS)C(=O)N1CCC[C@H]1C(=O)O,Captopril
90,DB01203,CC(C)(C)NCC(O)COc1cccc2c1C[C@H](O)[C@H](O)C2,Nadolol
91,DB00970,Cc1c2oc3c(C)ccc(C(=O)N[C@@H]4C(=O)N[C@H](C(C)C)C(=O)N5CCC[C@H]5C(=O)N(C)CC(=O)N(C)[C@@H](C(C)C)C(=O)O[C@@H]4C)c3nc-2c(C(=O)N[C@@H]2C(=O)N[C@H](C(C)C)C(=O)N3CCC[C@H]3C(=O)N(C)CC(=O)N(C)[C@@H](C(C)C)C(=O)O[C@@H]2C)c(N)c1=O,Dactinomycin
92,DB00153,C=C1CC[C@H](O)C/C1=C/C=C1\CCC[C@]2(C)[C@@H]([C@H](C)/C=C/[C@H](C)C(C)C)CC[C@@H]12,Ergocalciferol
93,DB00285,COc1ccc(C(CN(C)C)C2(O)CCCCC2)cc1,Venlafaxine
94,DB00603,CC(=O)O[C@]1(C(C)=O)CC[C@H]2[C@@H]3C[C@H](C)C4=CC(=O)CC[C@]4(C)[C@H]3CC[C@@]21C,Medroxyprogesterone acetate
95,DB00682,CC(=O)CC(c1ccccc1)c1c(O)c2ccccc2oc1=O,Warfarin
96,DB01263,CC[C@@H]([C@H](C)O)n1ncn(-c2ccc(N3CCN(c4ccc(OC[C@@H]5CO[C@@](Cn6cncn6)(c6ccc(F)cc6F)C5)cc4)CC3)cc2)c1=O,Posaconazole
97,DB00381,CCOC(=O)C1=C(COCCN)NC(C)=C(C(=O)OC)C1c1ccccc1Cl,Amlodipine
98,DB00163,Cc1c(C)c2c(c(C)c1O)CC[C@@](C)(CCC[C@H](C)CCC[C@H](C)CCCC(C)C)O2,Vitamin E
99,DB01211,CC[C@H]1OC(=O)[C@H](C)[C@@H](O[C@H]2C[C@@](C)(OC)[C@@H](O)[C@H](C)O2)[C@H](C)[C@@H](O[C@@H]2O[C@H](C)C[C@H](N(C)C)[C@H]2O)[C@](C)(OC)C[C@@H](C)C(=O)[C@H](C)[C@@H](O)[C@]1(C)O,Clarithromycin
100,DB01390,O=C([O-])O.[Na+],Sodium bicarbonate
101,DB01210,CC(C)(C)NC[C@H](O)COc1cccc2c1CCCC2=O,Levobunolol
102,DB01009,CC(C(=O)O)c1cccc(C(=O)c2ccccc2)c1,Ketoprofen
103,DB00227,CC[C@H](C)C(=O)O[C@H]1C[C@@H](C)C=C2C=C[C@H](C)[C@H](CC[C@@H]3C[C@@H](O)CC(=O)O3)[C@H]21,Lovastatin
104,DB12947,C[C@H]1O[C@@H](n2cc(F)c(=O)[nH]c2=O)[C@H](O)[C@@H]1O,Doxifluridine
105,DB00727,O=[N+]([O-])OCC(CO[N+](=O)[O-])O[N+](=O)[O-],Nitroglycerin
106,DB00421,CC(=O)S[C@@H]1CC2=CC(=O)CC[C@]2(C)[C@H]2CC[C@@]3(C)[C@@H](CC[C@@]34CCC(=O)O4)[C@H]12,Spironolactone
107,DB00806,CC(=O)CCCCn1c(=O)c2c(ncn2C)n(C)c1=O,Pentoxifylline
108,DB00852,CN[C@@H](C)[C@@H](O)c1ccccc1,Pseudoephedrine
109,DB09256,O=c1[nH]c(=O)n(C2CCCO2)cc1F,Tegafur
110,DB00444,COc1cc([C@@H]2c3cc4c(cc3[C@@H](O[C@@H]3O[C@@H]5CO[C@@H](c6cccs6)O[C@H]5[C@H](O)[C@H]3O)[C@H]3COC(=O)[C@H]23)OCO4)cc(OC)c1O,Teniposide
111,DB00586,O=C(O)Cc1ccccc1Nc1c(Cl)cccc1Cl,Diclofenac
112,DB00564,NC(=O)N1c2ccccc2C=Cc2ccccc21,Carbamazepine
113,DB00230,CC(C)C[C@H](CN)CC(=O)O,Pregabalin
114,DB00668,CNC[C@H](O)c1ccc(O)c(O)c1,Epinephrine
115,DB00169,C=C1CC[C@H](O)C/C1=C/C=C1\CCC[C@]2(C)[C@@H]([C@H](C)CCCC(C)C)CC[C@@H]12,Cholecalciferol
116,DB01029,CCCCC1=NC2(CCCC2)C(=O)N1Cc1ccc(-c2ccccc2-c2nn[nH]n2)cc1,Irbesartan
117,DB00359,Nc1ccc(S(=O)(=O)Nc2ncccn2)cc1,Sulfadiazine
118,DB00661,COc1ccc(CCN(C)CCCC(C#N)(c2ccc(OC)c(OC)c2)C(C)C)cc1OC,Verapamil
119,DB00264,COCCc1ccc(OCC(O)CNC(C)C)cc1,Metoprolol
120,DB00927,NC(N)=Nc1nc(CSCCC(N)=NS(N)(=O)=O)cs1,Famotidine
121,DB00851,CN(C)/N=N/c1[nH]cnc1C(N)=O,Dacarbazine
122,DB01254,Cc1nc(Nc2ncc(C(=O)Nc3c(C)cccc3Cl)s2)cc(N2CCN(CCO)CC2)n1,Dasatinib
123,DB00501,CN/C(=N/C#N)NCCSCc1nc[nH]c1C,Cimetidine
124,DB00268,CCCN(CCC)CCc1cccc2c1CC(=O)N2,Ropinirole
125,DB00394,CCC(=O)OCC(=O)[C@@]1(OC(=O)CC)[C@@H](C)C[C@H]2[C@@H]3CCC4=CC(=O)C=C[C@]4(C)[C@@]3(Cl)[C@@H](O)C[C@@]21C,Beclomethasone dipropionate
126,DB00440,COc1cc(Cc2cnc(N)nc2N)cc(OC)c1OC,Trimethoprim
127,DB00178,CCOC(=O)[C@H](CCc1ccccc1)N[C@@H](C)C(=O)N1[C@H](C(=O)O)C[C@@H]2CCC[C@@H]21,Ramipril
128,DB00881,CCOC(=O)[C@H](CCc1ccccc1)N[C@@H](C)C(=O)N1Cc2ccccc2C[C@H]1C(=O)O,Quinapril
129,DB00759,CN(C)[C@@H]1C(O)=C(C(N)=O)C(=O)[C@@]2(O)C(O)=C3C(=O)c4c(O)cccc4[C@@](C)(O)[C@H]3C[C@@H]12,Tetracycline
130,DB06819,O=C(O)CCCc1ccccc1,Phenylbutyric acid
131,DB00630,NCCCC(O)(P(=O)(O)O)P(=O)(O)O,Alendronic acid
132,DB00519,CCOC(=O)[C@H](CCc1ccccc1)N[C@@H](C)C(=O)N1[C@H](C(=O)O)C[C@H]2CCCC[C@@H]21,Trandolapril
133,DB00657,CNC1(C)C2CCC(C2)C1(C)C,Mecamylamine
134,DB11596,Nc1nc(=O)c2c([nH]1)NC[C@H](CNc1ccc(C(=O)N[C@@H](CCC(=O)O)C(=O)O)cc1)N2C=O,Levoleucovorin
135,DB01088,CC#CCC(C)[C@H](O)/C=C/[C@@H]1[C@H]2C/C(=C/CCCC(=O)O)C[C@H]2C[C@H]1O,Iloprost
136,DB00554,CN1C(C(=O)Nc2ccccn2)=C(O)c2ccccc2S1(=O)=O,Piroxicam
137,DB00502,O=C(CCCN1CCC(O)(c2ccc(Cl)cc2)CC1)c1ccc(F)cc1,Haloperidol
138,DB00829,CN1C(=O)CN=C(c2ccccc2)c2cc(Cl)ccc21,Diazepam
139,DB00290,Cc1c(N)nc([C@H](CC(N)=O)NC[C@H](N)C(N)=O)nc1C(=O)N[C@H](C(=O)N[C@H](C)[C@@H](O)[C@H](C)C(=O)N[C@H](C(=O)NCCc1nc(-c2nc(C(=O)NCCC[S+](C)C)cs2)cs1)[C@@H](C)O)[C@@H](OC1OC(CO)C(O)C(O)C1OC1OC(CO)C(O)C(OC(N)=O)C1O)c1c[nH]cn1,Bleomycin
140,DB01099,Nc1nc(=O)[nH]cc1F,Flucytosine
141,DB00322,O=c1[nH]c(=O)n([C@H]2C[C@H](O)[C@@H](CO)O2)cc1F,Floxuridine
142,DB00605,CC1=C(CC(=O)O)c2cc(F)ccc2/C1=C\c1ccc(S(C)=O)cc1,Sulindac
143,DB00758,COC(=O)[C@H](c1ccccc1Cl)N1CCc2sccc2C1,Clopidogrel
144,DB00413,CCCN[C@H]1CCc2nc(N)sc2C1,Pramipexole
145,DB00643,COC(=O)Nc1nc2ccc(C(=O)c3ccccc3)cc2[nH]1,Mebendazole
146,DB00678,CCCCc1nc(Cl)c(CO)n1Cc1ccc(-c2ccccc2-c2nn[nH]n2)cc1,Losartan
147,DB00585,CNC(=C[N+](=O)[O-])NCCSCc1csc(CN(C)C)n1,Nizatidine
148,DB00448,Cc1c(OCC(F)(F)F)ccnc1CS(=O)c1nc2ccccc2[nH]1,Lansoprazole
149,DB00764,C[C@@H]1C[C@H]2[C@@H]3CCC4=CC(=O)C=C[C@]4(C)[C@@]3(Cl)[C@@H](O)C[C@]2(C)[C@@]1(O)C(=O)CCl,Mometasone
150,DB05271,CCCN(CCc1cccs1)[C@H]1CCc2c(O)cccc2C1,Rotigotine
151,DB00035,N=C(N)NCCC[C@@H](NC(=O)[C@@H]1CCCN1C(=O)[C@@H]1CSSCCC(=O)N[C@@H](Cc2ccc(O)cc2)C(=O)N[C@@H](Cc2ccccc2)C(=O)N[C@@H](CCC(N)=O)C(=O)N[C@@H](CC(N)=O)C(=O)N1)C(=O)NCC(N)=O,Desmopressin
152,DB06791,CC(C)C1NC(=O)C(CCCCN)NC(=O)C(Cc2c[nH]c3ccccc23)NC(=O)C(Cc2ccc(O)cc2)NC(=O)C(NC(=O)C(N)Cc2ccc3ccccc3c2)CSSCC(C(=O)NC(C(N)=O)C(C)O)NC1=O,Lanreotide
153,DB00335,CC(C)NCC(O)COc1ccc(CC(N)=O)cc1,Atenolol
154,DB00602,CC[C@H](C)[C@H]1O[C@]2(CC[C@@H]1C)C[C@@H]1C[C@@H](C/C=C(\C)[C@@H](O[C@H]3C[C@H](OC)[C@@H](O[C@H]4C[C@H](OC)[C@@H](O)[C@H](C)O4)[C@H](C)O3)[C@@H](C)/C=C/C=C3\CO[C@@H]4[C@H](O)C(C)=C[C@@H](C(=O)O1)[C@]34O)O2.CO[C@H]1C[C@H](O[C@H]2[C@H](C)O[C@@H](O[C@@H]3/C(C)=C/C[C@@H]4C[C@@H](C[C@]5(CC[C@H](C)[C@@H](C(C)C)O5)O4)OC(=O)[C@@H]4C=C(C)[C@@H](O)[C@H]5OC/C(=C\C=C\[C@@H]3C)[C@]54O)C[C@@H]2OC)O[C@@H](C)[C@@H]1O,Ivermectin
155,DB00250,Nc1ccc(S(=O)(=O)c2ccc(N)cc2)cc1,Dapsone
156,DB00500,Cc1ccc(C(=O)c2ccc(CC(=O)O)n2C)cc1,Tolmetin
157,DB01110,Clc1ccc(COC(Cn2ccnc2)c2ccc(Cl)cc2Cl)c(Cl)c1,Miconazole
158,DB00598,CC(CCc1ccccc1)NCC(O)c1ccc(O)c(C(N)=O)c1,Labetalol
159,DB00257,Clc1ccccc1C(c1ccccc1)(c1ccccc1)n1ccnc1,Clotrimazole
160,DB00887,CCCCNc1cc(C(=O)O)cc(S(N)(=O)=O)c1Oc1ccccc1,Bumetanide
161,DB01238,O=C1CCc2ccc(OCCCCN3CCN(c4cccc(Cl)c4Cl)CC3)cc2N1,Aripiprazole
162,DB01136,COc1ccccc1OCCNCC(O)COc1cccc2[nH]c3ccccc3c12,Carvedilol
163,DB00588,CCC(=O)O[C@]1(C(=O)SCF)[C@H](C)C[C@H]2[C@@H]3C[C@H](F)C4=CC(=O)C=C[C@]4(C)[C@@]3(F)[C@@H](O)C[C@@]21C,Fluticasone propionate
164,DB01242,CN(C)CCCN1c2ccccc2CCc2ccc(Cl)cc21,Clomipramine
165,DB00492,CCC(=O)O[C@@H](O[P@@](=O)(CCCCc1ccccc1)CC(=O)N1C[C@H](C2CCCCC2)C[C@H]1C(=O)O)C(C)C,Fosinopril
166,DB01235,N[C@@H](Cc1ccc(O)c(O)c1)C(=O)O,Levodopa
167,DB06781,CCCC(=O)O[C@]1(C(=O)COC(C)=O)CC[C@H]2[C@@H]3C[C@H](F)C4=CC(=O)C=C[C@]4(C)[C@@]3(F)[C@@H](O)C[C@@]21C,Difluprednate
168,DB01041,O=C1CCC(N2C(=O)c3ccccc3C2=O)C(=O)N1,Thalidomide
169,DB00795,O=C(O)c1cc(/N=N/c2ccc(S(=O)(=O)Nc3ccccn3)cc2)ccc1O,Sulfasalazine
170,DB00694,COc1cccc2c1C(=O)c1c(O)c3c(c(O)c1C2=O)C[C@@](O)(C(C)=O)C[C@@H]3O[C@H]1C[C@H](N)[C@H](O)[C@H](C)O1,Daunorubicin
171,DB01033,S=c1nc[nH]c2nc[nH]c12,Mercaptopurine
172,DB00819,CC(=O)Nc1nnc(S(N)(=O)=O)s1,Acetazolamide
173,DB00695,NS(=O)(=O)c1cc(C(=O)O)c(NCc2ccco2)cc1Cl,Furosemide
174,DB00573,CC(C(=O)O)c1cccc(Oc2ccccc2)c1,Fenoprofen
175,DB01410,CC(C)C(=O)OCC(=O)[C@@]12O[C@H](C3CCCCC3)O[C@@H]1C[C@H]1[C@@H]3CCC4=CC(=O)C=C[C@]4(C)[C@H]3[C@@H](O)C[C@@]12C,Ciclesonide
176,DB00215,CN(C)CCCC1(c2ccc(F)cc2)OCc2cc(C#N)ccc21,Citalopram
177,DB01066,CO/N=C(\C(=O)N[C@@H]1C(=O)N2C(C(=O)O)=C(/C=C\c3scnc3C)CS[C@H]12)c1csc(N)n1,Cefditoren
178,DB02701,NC(=O)c1cccnc1,Nicotinamide
179,DB00419,CCCCN1C[C@H](O)[C@@H](O)[C@H](O)[C@H]1CO,Miglustat
180,DB00999,NS(=O)(=O)c1cc2c(cc1Cl)NCNS2(=O)=O,Hydrochlorothiazide
181,DB00559,COc1ccccc1Oc1c(NS(=O)(=O)c2ccc(C(C)(C)C)cc2)nc(-c2ncccn2)nc1OCCO,Bosentan
182,DB01240,CCCCC[C@H](O)/C=C/[C@@H]1[C@H]2C/C(=C/CCCC(=O)O)O[C@H]2C[C@H]1O,Epoprostenol
183,DB00989,CCN(C)C(=O)Oc1cccc([C@H](C)N(C)C)c1,Rivastigmine
184,DB00911,CCS(=O)(=O)CCn1c([N+](=O)[O-])cnc1C,Tinidazole
185,DB00846,CC1(C)O[C@@H]2C[C@H]3[C@@H]4C[C@H](F)C5=CC(=O)CC[C@]5(C)[C@H]4[C@@H](O)C[C@]3(C)[C@]2(C(=O)CO)O1,Flurandrenolide
186,DB06151,CC(=O)N[C@@H](CS)C(=O)O,Acetylcysteine
187,DB00427,Cc1ccc(/C(=C\CN2CCCC2)c2ccccn2)cc1,Triprolidine
188,DB01106,C[C@@H]1CN([C@H]2CC[C@](C#N)(c3ccc(F)cc3)CC2)CC[C@]1(C(=O)O)c1ccccc1,Levocabastine
189,DB00343,COc1ccc([C@@H]2Sc3ccccc3N(CCN(C)C)C(=O)[C@@H]2OC(C)=O)cc1,Diltiazem
190,DB00966,CCCc1nc2c(C)cc(-c3nc4ccccc4n3C)cc2n1Cc1ccc(-c2ccccc2C(=O)O)cc1,Telmisartan
191,DB08887,CC/C=C\C/C=C\C/C=C\C/C=C\C/C=C\CCCC(=O)OCC,Icosapent ethyl
192,DB01275,NNc1nncc2ccccc12,Hydralazine
193,DB00014,CC(C)C[C@H](NC(=O)[C@@H](COC(C)(C)C)NC(=O)[C@H](Cc1ccc(O)cc1)NC(=O)[C@H](CO)NC(=O)[C@H](Cc1c[nH]c2ccccc12)NC(=O)[C@H](Cc1cnc[nH]1)NC(=O)[C@@H]1CCC(=O)N1)C(=O)N[C@@H](CCCN=C(N)N)C(=O)N1CCC[C@H]1C(=O)NNC(N)=O,Goserelin
194,DB01104,CN[C@H]1CC[C@@H](c2ccc(Cl)c(Cl)c2)c2ccccc21,Sertraline
195,DB00288,CC(=O)OCC(=O)[C@@]12OC3(CCCC3)O[C@@H]1C[C@H]1[C@@H]3CCC4=CC(=O)C=C[C@]4(C)[C@@]3(F)[C@@H](O)C[C@@]12C,Amcinonide
196,DB00714,CN1CCc2cccc3c2[C@H]1Cc1ccc(O)c(O)c1-3,Apomorphine
197,DB00214,Cc1cccc(Nc2ccncc2S(=O)(=O)NC(=O)NC(C)C)c1,Torasemide
198,DB01098,CC(C)c1nc(N(C)S(C)(=O)=O)nc(-c2ccc(F)cc2)c1/C=C/[C@@H](O)C[C@@H](O)CC(=O)O,Rosuvastatin
199,DB00121,O=C(O)CCCC[C@@H]1SC[C@@H]2NC(=O)N[C@@H]21,Biotin
200,DB01071,c1ccc2c(c1)Sc1ccccc1N2CC1CN2CCC1CC2,Mequitazine
201,DB00176,COCCCC/C(=N\OCCN)c1ccc(C(F)(F)F)cc1,Fluvoxamine
202,DB00972,CN1CCCC(n2nc(Cc3ccc(Cl)cc3)c3ccccc3c2=O)CC1,Azelastine
203,DB00291,O=C(O)CCCc1ccc(N(CCCl)CCCl)cc1,Chlorambucil
204,DB00816,CC(C)NCC(O)c1cc(O)cc(O)c1,Orciprenaline
205,DB00552,OC[C@H]1O[C@@H](n2cnc3c2N=CNC[C@H]3O)C[C@@H]1O,Pentostatin
206,DB00398,CNC(=O)c1cc(Oc2ccc(NC(=O)Nc3ccc(Cl)c(C(F)(F)F)c3)cc2)ccn1,Sorafenib
207,DB00653,O=S(=O)([O-])[O-].[Mg+2],Magnesium sulfate
208,DB00724,CC(C)Cn1cnc2c(N)nc3ccccc3c21,Imiquimod
209,DB00988,NCCc1ccc(O)c(O)c1,Dopamine
210,DB01268,CCN(CC)CCNC(=O)c1c(C)[nH]c(/C=C2\C(=O)Nc3ccc(F)cc32)c1C,Sunitinib
211,DB01296,N[C@H]1C(O)O[C@H](CO)[C@@H](O)[C@@H]1O,Glucosamine
212,DB00749,CCc1cccc2c3c([nH]c12)C(CC)(CC(=O)O)OCC3,Etodolac
213,DB00334,Cc1cc2c(s1)Nc1ccccc1N=C2N1CCN(C)CC1,Olanzapine
214,DB00388,CNC[C@H](O)c1cccc(O)c1,Phenylephrine
215,DB00481,O=C(c1ccc(OCCN2CCCCC2)cc1)c1c(-c2ccc(O)cc2)sc2cc(O)ccc12,Raloxifene
216,DB01003,O=C(O)c1cc(=O)c2c(OCC(O)COc3cccc4oc(C(=O)O)cc(=O)c34)cccc2o1,Cromoglicic acid
217,DB00203,CCCc1nn(C)c2c(=O)[nH]c(-c3cc(S(=O)(=O)N4CCN(C)CC4)ccc3OCC)nc12,Sildenafil
218,DB00146,C=C1CC[C@H](O)C/C1=C/C=C1\CCC[C@]2(C)[C@@H]([C@H](C)CCCC(C)(C)O)CC[C@@H]12,Calcifediol
219,DB01018,N=C(N)NC(=O)Cc1c(Cl)cccc1Cl,Guanfacine
220,DB01045,CO[C@H]1/C=C/O[C@@]2(C)Oc3c(C)c(O)c4c(O)c(c(/C=N/N5CCN(C)CC5)c(O)c4c3C2=O)NC(=O)/C(C)=C\C=C\[C@H](C)[C@H](O)[C@@H](C)[C@@H](O)[C@@H](C)[C@H](OC(C)=O)[C@@H]1C,Rifampicin
221,DB00960,CC(C)NCC(O)COc1cccc2[nH]ccc12,Pindolol
222,DB00195,CC(C)NCC(O)COc1ccc(CCOCC2CC2)cc1,Betaxolol
223,DB00007,CCNC(=O)[C@@H]1CCCN1C(=O)[C@H](CCCNC(=N)N)NC(=O)[C@H](CC(C)C)NC(=O)[C@@H](CC(C)C)NC(=O)[C@H](Cc1ccc(O)cc1)NC(=O)[C@H](CO)NC(=O)[C@H](Cc1c[nH]c2ccccc12)NC(=O)[C@H](Cc1c[nH]cn1)NC(=O)[C@@H]1CCC(=O)N1,Leuprolide
224,DB05676,CCOc1cc([C@@H](CS(C)(=O)=O)N2C(=O)c3cccc(NC(C)=O)c3C2=O)ccc1OC,Apremilast
225,DB00455,CCOC(=O)N1CCC(=C2c3ccc(Cl)cc3CCc3cccnc32)CC1,Loratadine
226,DB00313,CCCC(CCC)C(=O)O,Valproic acid
227,DB09053,C=CC(=O)N1CCC[C@@H](n2nc(-c3ccc(Oc4ccccc4)cc3)c3c(N)ncnc32)C1,Ibrutinib
228,DB01186,CCCN1C[C@H](CSC)C[C@@H]2c3cccc4[nH]cc(c34)C[C@H]21,Pergolide
229,DB00521,CC(C)(C)NCC(O)COc1cccc2c1CCC(=O)N2,Carteolol
230,DB08801,CC(C1=C(CCN(C)C)Cc2ccccc21)c1ccccn1,Dimetindene
231,DB00884,O=P(O)(O)C(O)(Cc1cccnc1)P(=O)(O)O,Risedronic acid
232,DB00206,COC(=O)[C@H]1[C@H]2C[C@@H]3c4[nH]c5cc(OC)ccc5c4CCN3C[C@H]2C[C@@H](OC(=O)c2cc(OC)c(OC)c(OC)c2)[C@@H]1OC,Reserpine
233,DB14540,CCCC(=O)O[C@]1(C(=O)CO)CC[C@H]2[C@@H]3CCC4=CC(=O)CC[C@]4(C)[C@H]3[C@@H](O)C[C@@]21C,Hydrocortisone butyrate
234,DB00494,CCN(CC)C(=O)/C(C#N)=C/c1cc(O)c(O)c([N+](=O)[O-])c1,Entacapone
235,DB01148,Cc1c(-c2ccccc2)oc2c(C(=O)OCCN3CCCCC3)cccc2c1=O,Flavoxate
236,DB00524,Cc1ccccc1N1C(=O)c2cc(S(N)(=O)=O)c(Cl)cc2NC1C,Metolazone
237,DB00273,CC1(C)O[C@@H]2[C@@H](CO[C@@]3(COS(N)(=O)=O)OC(C)(C)O[C@@H]23)O1,Topiramate
238,DB08992,CCc1ccc(C(=O)C(C)CN2CCCCC2)cc1,Eperisone
239,DB00341,O=C(O)COCCN1CCN(C(c2ccccc2)c2ccc(Cl)cc2)CC1,Cetirizine
240,DB00323,Cc1ccc(C(=O)c2cc(O)c(O)c([N+](=O)[O-])c2)cc1,Tolcapone
241,DB00751,NC1=NCC2c3ccccc3Cc3ccccc3N12,Epinastine
242,DB00540,CNCCC=C1c2ccccc2CCc2ccccc21,Nortriptyline
243,DB00331,CN(C)C(=N)NC(=N)N,Metformin
244,DB00745,NC(=O)CS(=O)C(c1ccccc1)c1ccccc1,Modafinil
245,DB04572,S=P(N1CC1)(N1CC1)N1CC1,Thiotepa
246,DB01115,COC(=O)C1=C(C)NC(C)=C(C(=O)OC)C1c1ccccc1[N+](=O)[O-],Nifedipine
247,DB00853,Cn1nnc2c(C(N)=O)ncn2c1=O,Temozolomide
248,DB00475,CNC1=Nc2ccc(Cl)cc2C(c2ccccc2)=[N+]([O-])C1,Chlordiazepoxide
249,DB01620,CN(C)CCC(c1ccccc1)c1ccccn1,Pheniramine
250,DB00967,Clc1ccc2c(c1)CCc1cccnc1C2=C1CCNCC1,Desloratadine
251,DB00458,CN(C)CCCN1c2ccccc2CCc2ccccc21,Imipramine
252,DB00641,CCC(C)(C)C(=O)O[C@H]1C[C@@H](C)C=C2C=C[C@H](C)[C@H](CC[C@@H]3C[C@@H](O)CC(=O)O3)[C@H]21,Simvastatin
253,DB00376,OC(CCN1CCCCC1)(c1ccccc1)C1CCCCC1,Trihexyphenidyl
254,DB00748,CN(C)CCOC(c1ccc(Cl)cc1)c1ccccn1,Carbinoxamine
255,DB00928,Nc1ncn([C@@H]2O[C@H](CO)[C@@H](O)[C@H]2O)c(=O)n1,Azacitidine
256,DB01241,Cc1ccc(C)c(OCCCC(C)(C)C(=O)O)c1,Gemfibrozil
257,DB08933,N#C/C(=C1/SC[C@@H](c2ccc(Cl)cc2Cl)S1)n1ccnc1,Luliconazole
258,DB04861,OC(CNCC(O)C1CCc2cc(F)ccc2O1)C1CCc2cc(F)ccc2O1,Nebivolol
259,DB13399,CCN(CC)C(=O)N[C@H]1C[C@@H]2c3cccc4[nH]cc(c34)C[C@H]2N(C)C1,Terguride
260,DB00555,Nc1nnc(-c2cccc(Cl)c2Cl)c(N)n1,Lamotrigine
261,DB00778,CC[C@H]1OC(=O)[C@H](C)[C@@H](O[C@H]2C[C@@](C)(OC)[C@@H](O)[C@H](C)O2)[C@H](C)[C@@H](O[C@@H]2O[C@H](C)C[C@H](N(C)C)[C@H]2O)[C@](C)(O)C[C@@H](C)C(=NOCOCCOC)[C@H](C)[C@@H](O)[C@]1(C)O,Roxithromycin
262,DB00244,Nc1ccc(O)c(C(=O)O)c1,Mesalazine
263,DB00392,CCN(CC)C(C)CN1c2ccccc2Sc2ccccc21,Profenamine
264,DB00401,COC(=O)C1=C(C)NC(C)=C(C(=O)OCC(C)C)C1c1ccccc1[N+](=O)[O-],Nisoldipine
265,DB00582,C[C@@H](c1ncncc1F)[C@](O)(Cn1cncn1)c1ccc(F)cc1F,Voriconazole
266,DB00542,CCOC(=O)[C@H](CCc1ccccc1)N[C@H]1CCc2ccccc2N(CC(=O)O)C1=O,Benazepril
267,DB00310,NS(=O)(=O)c1cc(C2(O)NC(=O)c3ccccc32)ccc1Cl,Chlorthalidone
268,DB09166,CCc1cc2c(s1)-n1c(C)nnc1CN=C2c1ccccc1Cl,Etizolam
269,DB00580,Cc1onc(-c2ccccc2)c1-c1ccc(S(N)(=O)=O)cc1,Valdecoxib
270,DB00391,CCN1CCCC1CNC(=O)c1cc(S(N)(=O)=O)ccc1OC,Sulpiride
271,DB01069,CC(CN1c2ccccc2Sc2ccccc21)N(C)C,Promethazine
272,DB01020,O=[N+]([O-])O[C@@H]1CO[C@H]2[C@@H]1OC[C@@H]2O,Isosorbide mononitrate
273,DB00691,CCOC(=O)[C@H](CCc1ccccc1)N[C@@H](C)C(=O)N1Cc2cc(OC)c(OC)cc2C[C@H]1C(=O)O,Moexipril
274,DB11085,Oc1cccc(O)c1,Resorcinol
275,DB00719,CN1CCC(=C2c3ccccc3CCc3cccnc32)CC1,Azatadine
276,DB00126,O=C1O[C@H]([C@@H](O)CO)C(O)=C1O,Ascorbic acid
277,DB01436,C=C1/C(=C\C=C2/CCC[C@]3(C)[C@@H]([C@H](C)CCCC(C)C)CC[C@@H]23)C[C@@H](O)C[C@@H]1O,Alfacalcidol
278,DB00861,O=C(O)c1cc(-c2ccc(F)cc2F)ccc1O,Diflunisal
279,DB03904,NC(N)=O,Urea
280,DB00480,Nc1cccc2c1CN(C1CCC(=O)NC1=O)C2=O,Lenalidomide
281,DB01064,CC(C)NCC(O)c1ccc(O)c(O)c1,Isoprenaline
282,DB00835,CN(C)CCC(c1ccc(Br)cc1)c1ccccn1,Brompheniramine
283,DB01188,Cc1cc(C2CCCCC2)n(O)c(=O)c1,Ciclopirox
284,DB00790,CCC[C@H](N[C@@H](C)C(=O)N1[C@H](C(=O)O)C[C@@H]2CCCC[C@@H]21)C(=O)OCC,Perindopril
285,DB00873,C[C@]12C=CC(=O)C=C1CC[C@@H]1[C@@H]2[C@@H](O)C[C@@]2(C)[C@H]1CC[C@]2(O)C(=O)OCCl,Loteprednol
286,DB00715,Fc1ccc([C@@H]2CCNC[C@H]2COc2ccc3c(c2)OCO3)cc1,Paroxetine
287,DB09074,O=C(c1cc(Cc2n[nH]c(=O)c3ccccc23)ccc1F)N1CCN(C(=O)C2CC2)CC1,Olaparib
288,DB00903,C=C(CC)C(=O)c1ccc(OCC(=O)O)c(Cl)c1Cl,Etacrynic acid
289,DB00190,C[C@@](Cc1ccc(O)c(O)c1)(NN)C(=O)O,Carbidopa
290,DB08906,C[C@@H]1C[C@H]2[C@@H]3C[C@H](F)C4=CC(=O)C=C[C@]4(C)[C@@]3(F)[C@@H](O)C[C@]2(C)[C@@]1(OC(=O)c1ccco1)C(=O)SCF,Fluticasone furoate
291,DB00567,CC1=C(C(=O)O)N2C(=O)[C@@H](NC(=O)[C@H](N)c3ccccc3)[C@H]2SC1,Cephalexin
292,DB01146,CN1CCC(OC(c2ccccc2)c2ccccc2)CC1,Diphenylpyraline
293,DB00814,Cc1cnc(NC(=O)C2=C(O)c3ccccc3S(=O)(=O)N2C)s1,Meloxicam
294,DB01173,Cc1ccccc1C(OCCN(C)C)c1ccccc1,Orphenadrine
295,DB00373,CC(C)(C)NC[C@H](O)COc1nsnc1N1CCOCC1,Timolol
296,DB01144,NS(=O)(=O)c1cc(Cl)c(Cl)c(S(N)(=O)=O)c1,Diclofenamide
297,DB00424,CN1[C@@H]2CC[C@H]1C[C@@H](OC(=O)[C@H](CO)c1ccccc1)C2,Hyoscyamine
298,DB00122,C[N+](C)(C)CCO,Choline
299,DB00283,CN1CCC[C@@H]1CCO[C@](C)(c1ccccc1)c1ccc(Cl)cc1,Clemastine
300,DB08800,CN(C)CCN(Cc1ccc(Cl)cc1)c1ccccn1,Chloropyramine
301,DB00684,NC[C@H]1O[C@H](O[C@H]2[C@H](O)[C@@H](O[C@H]3O[C@H](CO)[C@@H](O)[C@H](N)[C@H]3O)[C@H](N)C[C@@H]2N)[C@H](N)C[C@@H]1O,Tobramycin
302,DB00368,NC[C@H](O)c1ccc(O)c(O)c1,Norepinephrine
303,DB00734,Cc1nc2n(c(=O)c1CCN1CCC(c3noc4cc(F)ccc34)CC1)CCCC2,Risperidone
304,DB00820,CN1CC(=O)N2[C@H](c3ccc4c(c3)OCO4)c3[nH]c4ccccc4c3C[C@@H]2C1=O,Tadalafil
305,DB00950,CC(C)(C(=O)O)c1ccc(C(O)CCCN2CCC(C(O)(c3ccccc3)c3ccccc3)CC2)cc1,Fexofenadine
306,DB00387,OC(CCN1CCCC1)(c1ccccc1)C1CCCCC1,Procyclidine
307,DB00870,CC(C(=O)O)c1ccc(C(=O)c2cccs2)cc1,Suprofen
308,DB00589,CCN(CC)C(=O)N[C@H]1C=C2c3cccc4[nH]cc(c34)C[C@H]2N(C)C1,Lisuride
309,DB00342,CC(C)(C)c1ccc(C(O)CCCN2CCC(C(O)(c3ccccc3)c3ccccc3)CC2)cc1,Terfenadine
310,DB06262,N[C@H](C(=O)O)[C@H](O)c1ccc(O)c(O)c1,Droxidopa
311,DB01599,CC(C)(Sc1cc(C(C)(C)C)c(O)c(C(C)(C)C)c1)Sc1cc(C(C)(C)C)c(O)c(C(C)(C)C)c1,Probucol
312,DB00277,Cn1c(=O)c2[nH]cnc2n(C)c1=O,Theophylline
313,DB00270,COC(=O)C1=C(C)NC(C)=C(C(=O)OC(C)C)C1c1cccc2nonc12,Isradipine
314,DB00787,Nc1nc(=O)c2ncn(COCCO)c2[nH]1,Acyclovir
315,DB01170,NC(N)=NCCN1CCCCCCC1,Guanethidine
316,DB01395,C[C@]12CCC(=O)C=C1[C@@H]1C[C@@H]1[C@H]1[C@@H]3[C@@H]4C[C@@H]4[C@@]4(CCC(=O)O4)[C@@]3(C)CC[C@@H]12,Drospirenone
317,DB11581,CC1(C)CCC(CN2CCN(c3ccc(C(=O)NS(=O)(=O)c4ccc(NCC5CCOCC5)c([N+](=O)[O-])c4)c(Oc4cnc5[nH]ccc5c4)c3)CC2)=C(c2ccc(Cl)cc2)C1,Venetoclax
318,DB01553,O=C1CN2CCOC2(c2ccccc2Cl)c2cc(Cl)ccc2N1,Cloxazolam
319,DB00929,CCCCC(C)(O)C/C=C/[C@H]1[C@H](O)CC(=O)[C@@H]1CCCCCCC(=O)OC,Misoprostol
320,DB08802,CC(CN1c2ccccc2Sc2cccnc21)N(C)C,Isothipendyl
321,DB00213,COc1ccnc(CS(=O)c2nc3ccc(OC(F)F)cc3[nH]2)c1OC,Pantoprazole
322,DB01137,C[C@H]1COc2c(N3CCN(C)CC3)c(F)cc3c(=O)c(C(=O)O)cn1c23,Levofloxacin
323,DB04272,O=C(O)CC(O)(CC(=O)O)C(=O)O,Citric acid
324,DB00636,CCOC(=O)C(C)(C)Oc1ccc(Cl)cc1,Clofibrate
325,DB00451,N[C@@H](Cc1cc(I)c(Oc2cc(I)c(O)c(I)c2)c(I)c1)C(=O)O,Levothyroxine
326,DB00253,CC(=O)[C@H]1CC[C@H]2[C@@H]3C[C@H](C)C4=CC(=O)CC[C@]4(C)[C@H]3[C@@H](O)C[C@]12C,Medrysone
327,DB00175,CC[C@H](C)C(=O)O[C@H]1C[C@H](O)C=C2C=C[C@H](C)[C@H](CC[C@@H](O)C[C@@H](O)CC(=O)O)[C@H]21,Pravastatin
328,DB00180,CC1(C)O[C@@H]2C[C@H]3[C@@H]4C[C@H](F)C5=CC(=O)C=C[C@]5(C)[C@H]4[C@@H](O)C[C@]3(C)[C@]2(C(=O)CO)O1,Flunisolide
329,DB00457,COc1cc2nc(N3CCN(C(=O)c4ccco4)CC3)nc(N)c2cc1OC,Prazosin
330,DB00709,Nc1ccn([C@@H]2CS[C@H](CO)O2)c(=O)n1,Lamivudine
331,DB00115,C/C1=C2/N=C(/C=C3\N=C(/C(C)=C4/[C@@H](CCC(N)=O)[C@](C)(CC(N)=O)[C@](C)([C@@H]5N=C1[C@](C)(CCC(=O)NC[C@@H](C)OP(=O)([O-])O[C@H]1[C@@H](O)[C@@H](n6cnc7cc(C)c(C)cc76)O[C@@H]1CO)[C@H]5CC(N)=O)N4[Co+]C#N)[C@@](C)(CC(N)=O)[C@@H]3CCC(N)=O)C(C)(C)[C@@H]2CCC(N)=O,Cyanocobalamin
332,DB01224,OCCOCCN1CCN(C2=Nc3ccccc3Sc3ccccc32)CC1,Quetiapine
333,DB01278,CC[C@H](C)[C@H](NC(=O)[C@@H]1CCCN1C(=O)CNC(=O)[C@H](Cc1ccccc1)NC(=O)[C@H](CC(N)=O)NC(=O)[C@H](CC(N)=O)NC(=O)[C@H](CO)NC(=O)[C@H](CO)NC(=O)[C@H](Cc1cnc[nH]1)NC(=O)[C@@H](NC(=O)[C@H](CC(C)C)NC(=O)[C@H](Cc1ccccc1)NC(=O)[C@H](CC(N)=O)NC(=O)[C@H](C)NC(=O)[C@H](CC(C)C)NC(=O)[C@H](CCCNC(=N)N)NC(=O)[C@H](CCC(N)=O)NC(=O)[C@@H](NC(=O)[C@H](C)NC(=O)[C@@H]1CSSC[C@H](NC(=O)[C@@H](N)CCCCN)C(=O)N[C@@H](CC(N)=O)C(=O)N[C@@H]([C@@H](C)O)C(=O)N[C@@H](C)C(=O)N[C@@H]([C@@H](C)O)C(=O)N1)[C@@H](C)O)C(C)C)C(=O)N[C@@H](CC(C)C)C(=O)N1CCC[C@H]1C(=O)N1CCC[C@H]1C(=O)N[C@H](C(=O)N[C@@H](CC(N)=O)C(=O)N[C@H](C(=O)NCC(=O)N[C@@H](CO)C(=O)N[C@@H](CC(N)=O)C(=O)N[C@H](C(=O)N[C@@H](Cc1ccc(O)cc1)C(N)=O)[C@@H](C)O)C(C)C)[C@@H](C)O,Pramlintide
334,DB00182,CC(N)Cc1ccccc1,Amphetamine
335,DB00177,CCCCC(=O)N(Cc1ccc(-c2ccccc2-c2nn[nH]n2)cc1)[C@H](C(=O)O)C(C)C,Valsartan
336,DB00557,OCCOCCN1CCN(C(c2ccccc2)c2ccc(Cl)cc2)CC1,Hydroxyzine
337,DB01023,CCOC(=O)C1=C(C)NC(C)=C(C(=O)OC)C1c1cccc(Cl)c1Cl,Felodipine
338,DB00316,CC(=O)Nc1ccc(O)cc1,Acetaminophen
339,DB01364,CN[C@@H](C)[C@H](O)c1ccccc1,Ephedrine
340,DB00604,COc1cc(N)c(Cl)cc1C(=O)N[C@@H]1CCN(CCCOc2ccc(F)cc2)C[C@@H]1OC,Cisapride
341,DB01030,CC[C@@]1(O)C(=O)OCc2c1cc1n(c2=O)Cc2cc3c(CN(C)C)c(O)ccc3nc2-1,Topotecan
342,DB00762,CCc1c2c(nc3ccc(OC(=O)N4CCC(N5CCCCC5)CC4)cc13)-c1cc3c(c(=O)n1C2)COC(=O)[C@]3(O)CC,Irinotecan
343,DB02659,C[C@H](CCC(=O)O)[C@H]1CC[C@H]2[C@@H]3[C@H](O)C[C@@H]4C[C@H](O)CC[C@]4(C)[C@H]3C[C@H](O)[C@]12C,Cholic Acid
344,DB09300,CCCC[N+]1(C)[C@@H]2C[C@@H](OC(=O)[C@H](CO)c3ccccc3)C[C@H]1[C@@H]1O[C@@H]12,Butylscopolamine
345,DB00445,COc1cccc2c1C(=O)c1c(O)c3c(c(O)c1C2=O)C[C@@](O)(C(=O)CO)C[C@@H]3O[C@H]1C[C@H](N)[C@@H](O)[C@H](C)O1,Epirubicin
346,DB01956,NCCS(=O)(=O)O,Taurine
347,DB00525,Cc1cccc(N(C)C(=S)Oc2ccc3ccccc3c2)c1,Tolnaftate
348,DB06710,C[C@]12CCC(=O)C=C1CC[C@@H]1[C@@H]2CC[C@@]2(C)[C@H]1CC[C@]2(C)O,Methyltestosterone
349,DB01108,C[C@]12CC[C@H]3[C@@H](CC[C@@]45O[C@@H]4C(O)=C(C#N)C[C@]35C)[C@@H]1CC[C@@H]2O,Trilostane
350,DB01169,O=[As]O[As]=O,Arsenic trioxide
351,DB00982,CC1=C(/C=C/C(C)=C/C=C/C(C)=C\C(=O)O)C(C)(C)CCC1,Isotretinoin
352,DB00648,Clc1ccc(C(c2ccccc2Cl)C(Cl)Cl)cc1,Mitotane
353,DB00663,C[C@@H]1C[C@H]2[C@@H]3C[C@H](F)C4=CC(=O)C=C[C@]4(C)[C@@]3(F)[C@@H](O)C[C@]2(C)[C@@]1(O)C(=O)CO,Flumethasone
354,DB01558,O=C1CN=C(c2ccccn2)c2cc(Br)ccc2N1,Bromazepam
355,DB06809,c1cc(CN2CCCNCCNCCCNCC2)ccc1CN1CCCNCCNCCCNCC1,Plerixafor
356,DB00205,CCc1nc(N)nc(N)c1-c1ccc(Cl)cc1,Pyrimethamine
357,DB00187,COC(=O)CCc1ccc(OCC(O)CNC(C)C)cc1,Esmolol
358,DB00800,Oc1ccc(C2CNCCc3c2cc(O)c(O)c3Cl)cc1,Fenoldopam
359,DB00188,CC(C)C[C@H](NC(=O)[C@H](Cc1ccccc1)NC(=O)c1cnccn1)B(O)O,Bortezomib
360,DB01100,O=c1[nH]c2ccccc2n1C1CCN(CCCC(c2ccc(F)cc2)c2ccc(F)cc2)CC1,Pimozide
361,DB00484,Brc1c(NC2=NCCN2)ccc2nccnc12,Brimonidine
362,DB01054,CCOC(=O)C1=C(C)NC(C)=C(C(=O)OC)C1c1cccc([N+](=O)[O-])c1,Nitrendipine
363,DB00880,NS(=O)(=O)c1cc2c(cc1Cl)NC=NS2(=O)=O,Chlorothiazide
364,DB06216,CN1CC2c3ccccc3Oc3ccc(Cl)cc3C2C1,Asenapine
365,DB14543,CCCC(=O)O[C@]1(C(=O)COC(=O)CC)CC[C@H]2[C@@H]3CCC4=CC(=O)CC[C@]4(C)[C@H]3[C@@H](O)C[C@@]21C,Hydrocortisone probutate
366,DB00859,CC(C)(S)[C@@H](N)C(=O)O,Penicillamine
367,DB01162,COc1cc2nc(N3CCN(C(=O)C4CCCO4)CC3)nc(N)c2cc1OC,Terazosin
368,DB01156,CC(NC(C)(C)C)C(=O)c1cccc(Cl)c1,Bupropion
369,DB09293,[131I-],Iodide I-131
370,DB00437,Oc1ncnc2[nH]ncc12,Allopurinol
371,DB01185,C[C@]1(O)CC[C@H]2[C@@H]3CCC4=CC(=O)CC[C@]4(C)[C@@]3(F)[C@@H](O)C[C@@]21C,Fluoxymesterone
372,DB00624,C[C@]12CC[C@H]3[C@@H](CCC4=CC(=O)CC[C@@]43C)[C@@H]1CC[C@@H]2O,Testosterone
373,DB01595,O=C1CN=C(c2ccccc2)c2cc([N+](=O)[O-])ccc2N1,Nitrazepam
374,DB01230,NC1=NC(=O)C(c2ccccc2)O1,Pemoline
375,DB06176,C/C=C1\NC(=O)[C@H]2CSSCC/C=C/[C@H](CC(=O)N[C@H](C(C)C)C(=O)N2)OC(=O)[C@H](C(C)C)NC1=O,Romidepsin
376,DB00850,OCCN1CCN(CCCN2c3ccccc3Sc3ccc(Cl)cc32)CC1,Perphenazine
377,DB08824,COC(=O)[C@H]1[C@@H](c2ccc([123I])cc2)C[C@@H]2CC[C@H]1N2CCCF,Ioflupane I-123
378,DB04339,N[C@@H](CSCC(=O)O)C(=O)O,Carbocisteine
379,DB00651,Cn1c(=O)c2c(ncn2CC(O)CO)n(C)c1=O,Dyphylline
380,DB00426,CC(=O)OCC(CCn1cnc2cnc(N)nc21)COC(C)=O,Famciclovir
381,DB00271,CC(=O)Nc1c(I)c(NC(C)=O)c(I)c(C(=O)O)c1I,Diatrizoate
382,DB00275,CCCc1nc(C(C)(C)O)c(C(=O)O)n1Cc1ccc(-c2ccccc2-c2nnn[nH]2)cc1,Olmesartan
383,DB01035,CCN(CC)CCNC(=O)c1ccc(N)cc1,Procainamide
384,DB01250,O=C(O)c1cc(/N=N/c2ccc(O)c(C(=O)O)c2)ccc1O,Olsalazine
385,DB01189,FC(F)OC(F)C(F)(F)F,Desflurane
386,DB00655,C[C@]12CC[C@@H]3c4ccc(O)cc4CC[C@H]3[C@@H]1CCC2=O,Estrone
387,DB12877,O=c1[nH]c2ccccc2n1CCCN1CCN(C(c2ccccc2)c2ccccc2)CC1,Oxatomide
388,DB00811,NC(=O)c1ncn([C@@H]2O[C@H](CO)[C@@H](O)[C@H]2O)n1,Ribavirin
389,DB00318,COc1ccc2c3c1O[C@H]1[C@@H](O)C=C[C@H]4[C@@H](C2)N(C)CC[C@@]341,Codeine
390,DB00615,CO[C@H]1/C=C/O[C@@]2(C)Oc3c(C)c(O)c4c(c3C2=O)C2=NC3(CCN(CC(C)C)CC3)NC2=C(NC(=O)/C(C)=C\C=C\[C@H](C)[C@H](O)[C@@H](C)[C@@H](O)[C@@H](C)[C@H](OC(C)=O)[C@@H]1C)C4=O,Rifabutin
391,DB06823,CC(S)C(=O)NCC(=O)O,Tiopronin
392,DB00221,CCC(NC(C)C)C(O)c1ccc(O)c(O)c1,Isoetharine
393,DB00196,OC(Cn1cncn1)(Cn1cncn1)c1ccc(F)cc1F,Fluconazole
394,DB00594,N=C(N)NC(=O)c1nc(Cl)c(N)nc1N,Amiloride
395,DB00332,CC(C)[N+]1(C)[C@@H]2CC[C@H]1C[C@@H](OC(=O)C(CO)c1ccccc1)C2,Ipratropium
396,DB01129,COCCCOc1ccnc(CS(=O)c2nc3ccccc3[nH]2)c1C,Rabeprazole
397,DB01291,CC(C)(C)NCC(O)c1ccc(O)c(CO)n1,Pirbuterol
398,DB09128,O=c1ccc2ccc(OCCCCN3CCN(c4cccc5sccc45)CC3)cc2[nH]1,Brexpiprazole
399,DB08860,O=C(O)C[C@H](O)C[C@H](O)/C=C/c1c(C2CC2)nc2ccccc2c1-c1ccc(F)cc1,Pitavastatin
400,DB07615,COc1ccc(/C=C/C(=O)Nc2ccccc2C(=O)O)cc1OC,Tranilast
401,DB01001,CC(C)(C)NCC(O)c1ccc(O)c(CO)c1,Salbutamol
402,DB00938,OCc1cc(C(O)CNCCCCCCOCCCCc2ccccc2)ccc1O,Salmeterol
403,DB08835,CC(=O)N[C@@H](CC(=O)N[C@@H](CCC(=O)O)C(=O)O)C(=O)O,Spaglumic acid
404,DB00204,CN(CCOc1ccc(NS(C)(=O)=O)cc1)CCc1ccc(NS(C)(=O)=O)cc1,Dofetilide
405,DB08907,Cc1ccc([C@@H]2O[C@H](CO)[C@@H](O)[C@H](O)[C@H]2O)cc1Cc1ccc(-c2ccc(F)cc2)s1,Canagliflozin
406,DB00986,C[N+]1(C)CCC(OC(=O)C(O)(c2ccccc2)C2CCCC2)C1,Glycopyrronium
407,DB06595,CO[C@@H]1[C@H](N(C)C(=O)c2ccccc2)C[C@H]2O[C@]1(C)n1c3ccccc3c3c4c(c5c6ccccc6n2c5c31)C(=O)NC4,Midostaurin
408,DB01244,CC(C)COCC(CN(Cc1ccccc1)c1ccccc1)N1CCCC1,Bepridil
409,DB00983,COc1ccc(CC(C)NCC(O)c2ccc(O)c(NC=O)c2)cc1,Formoterol
410,DB00550,CCCc1cc(=O)[nH]c(=S)[nH]1,Propylthiouracil
411,DB00186,O=C1Nc2ccc(Cl)cc2C(c2ccccc2Cl)=NC1O,Lorazepam
412,DB00869,CCN[C@H]1C[C@H](C)S(=O)(=O)c2sc(S(N)(=O)=O)cc21,Dorzolamide
413,DB06209,CC(=O)Oc1cc2c(s1)CCN(C(C(=O)C1CC1)c1ccccc1F)C2,Prasugrel
414,DB00904,Cc1nccn1CC1CCc2c(c3ccccc3n2C)C1=O,Ondansetron
415,DB00279,N[C@@H](Cc1cc(I)c(Oc2ccc(O)c(I)c2)c(I)c1)C(=O)O,Liothyronine
416,DB00529,O=C(O)P(=O)(O)O,Foscarnet
417,DB00267,CO/N=C(\C(=O)N[C@@H]1C(=O)N2C(C(=O)O)=C(CSc3nnnn3C)CS[C@H]12)c1csc(N)n1,Cefmenoxime
418,DB00436,NS(=O)(=O)c1cc2c(cc1C(F)(F)F)NC(Cc1ccccc1)NS2(=O)=O,Bendroflumethiazide
419,DB00553,COc1c2occc2cc2ccc(=O)oc12,Methoxsalen
420,DB01047,CC(=O)OCC(=O)[C@@]12OC(C)(C)O[C@@H]1C[C@H]1[C@@H]3C[C@H](F)C4=CC(=O)C=C[C@]4(C)[C@@]3(F)[C@@H](O)C[C@@]12C,Fluocinonide
421,DB01223,Cn1c(=O)c2[nH]cnc2n(C)c1=O.Cn1c(=O)c2[nH]cnc2n(C)c1=O.NCCN,Aminophylline
422,DB00905,CCNC(=O)CCC/C=C\C[C@@H]1[C@@H](/C=C/[C@@H](O)CCc2ccccc2)[C@H](O)C[C@@H]1O,Bimatoprost
423,DB00901,Cc1ccc(C(=O)Oc2ccc(C(O)CNC(C)(C)C)cc2OC(=O)c2ccc(C)cc2)cc1,Bitolterol
424,DB11817,CCS(=O)(=O)N1CC(CC#N)(n2cc(-c3ncnc4[nH]ccc34)cn2)C1,Baricitinib
425,DB01141,CCCCCOc1ccc(-c2cc(-c3ccc(C(=O)N[C@H]4C[C@@H](O)[C@@H](O)NC(=O)[C@@H]5[C@@H](O)[C@@H](C)CN5C(=O)[C@H]([C@H](O)CC(N)=O)NC(=O)[C@H]([C@H](O)[C@@H](O)c5ccc(O)c(OS(=O)(=O)O)c5)NC(=O)[C@@H]5C[C@@H](O)CN5C(=O)[C@H]([C@@H](C)O)NC4=O)cc3)no2)cc1,Micafungin
426,DB08881,CCCS(=O)(=O)Nc1ccc(F)c(C(=O)c2c[nH]c3ncc(-c4ccc(Cl)cc4)cc23)c1F,Vemurafenib
427,DB09220,O=C(NCCO[N+](=O)[O-])c1cccnc1,Nicorandil
428,DB00871,CC(C)(C)NCC(O)c1cc(O)cc(O)c1,Terbutaline
429,DB00449,CNCC(O)c1ccc(OC(=O)C(C)(C)C)c(OC(=O)C(C)(C)C)c1,Dipivefrin
430,DB08803,Cc1ccc(C(C)C)c(OCC2=NCCN2)c1,Tymazoline
431,DB00591,CC1(C)O[C@@H]2C[C@H]3[C@@H]4C[C@H](F)C5=CC(=O)C=C[C@]5(C)[C@@]4(F)[C@@H](O)C[C@]3(C)[C@]2(C(=O)CO)O1,Fluocinolone acetonide
432,DB00796,CCOc1nc2cccc(C(=O)OC(C)OC(=O)OC3CCCCC3)c2n1Cc1ccc(-c2ccccc2-c2nnn[nH]2)cc1,Candesartan cilexetil
433,DB00287,CC(C)OC(=O)CCC/C=C\C[C@@H]1[C@@H](/C=C/[C@@H](O)COc2cccc(C(F)(F)F)c2)[C@H](O)C[C@@H]1O,Travoprost
434,DB01262,Nc1ncn([C@H]2C[C@H](O)[C@@H](CO)O2)c(=O)n1,Decitabine
435,DB00915,NC12CC3CC(CC(C3)C1)C2,Amantadine
436,DB00583,C[N+](C)(C)C[C@H](O)CC(=O)[O-],Levocarnitine
437,DB00799,CCOC(=O)c1ccc(C#Cc2ccc3c(c2)C(C)(C)CCS3)nc1,Tazarotene
438,DB00307,C=C(c1ccc(C(=O)O)cc1)c1cc2c(cc1C)C(C)(C)CCC2(C)C,Bexarotene
439,DB00957,C#C[C@]1(OC(C)=O)CC[C@H]2[C@@H]3CCC4=C/C(=N/O)CC[C@@H]4[C@H]3CC[C@@]21CC,Norgestimate
440,DB00337,CC[C@@H]1/C=C(\C)C[C@H](C)C[C@H](OC)[C@H]2O[C@@](O)(C(=O)C(=O)N3CCCC[C@H]3C(=O)O[C@H](/C(C)=C/[C@@H]3CC[C@H](Cl)[C@H](OC)C3)[C@H](C)[C@@H](O)CC1=O)[C@H](C)C[C@@H]2OC,Pimecrolimus
441,DB00863,CNC(=C[N+](=O)[O-])NCCSCc1ccc(CN(C)C)o1,Ranitidine
442,DB00845,CC(C)N=c1cc2n(-c3ccc(Cl)cc3)c3ccccc3nc-2cc1Nc1ccc(Cl)cc1,Clofazimine
443,DB00654,CC(C)OC(=O)CCC/C=C\C[C@@H]1[C@@H](CC[C@@H](O)CCc2ccccc2)[C@H](O)C[C@@H]1O,Latanoprost
444,DB00973,O=C1[C@H](CC[C@H](O)c2ccc(F)cc2)[C@@H](c2ccc(O)cc2)N1c1ccc(F)cc1,Ezetimibe
445,DB00162,CC1=C(/C=C/C(C)=C/C=C/C(C)=C/CO)C(C)(C)CCC1,Vitamin A
446,DB00535,C=CC1=C(C(=O)O)N2C(=O)[C@@H](NC(=O)/C(=N\O)c3csc(N)n3)[C@H]2SC1,Cefdinir
447,DB11195,OC[C@@H](O)[C@H](O)[C@@H](O)CO,Xylitol
448,DB01359,CC(C)(C)NC[C@H](O)COc1ccccc1C1CCCC1,Penbutolol
449,DB08871,C=C1C[C@@H]2CC[C@@]34C[C@H]5O[C@H]6[C@@H](O3)[C@H]3O[C@H](CC[C@@H]3O[C@H]6[C@H]5O4)CC(=O)C[C@@H]3[C@@H](OC)[C@@H](C[C@H](O)CN)O[C@H]3C[C@H]3O[C@@H](CC[C@@H]1O2)C[C@@H](C)C3=C,Eribulin
450,DB01406,C#C[C@]1(O)CC[C@H]2[C@@H]3CCC4=Cc5oncc5C[C@]4(C)[C@H]3CC[C@@]21C,Danazol
451,DB01194,CCN[C@H]1CN(CCCOC)S(=O)(=O)c2sc(S(N)(=O)=O)cc21,Brinzolamide
452,DB00590,COc1cc2nc(N3CCN(C(=O)C4COc5ccccc5O4)CC3)nc(N)c2cc1OC,Doxazosin
453,DB01193,CCCC(=O)Nc1ccc(OCC(O)CNC(C)C)c(C(C)=O)c1,Acebutolol
454,DB00675,CC/C(=C(\c1ccccc1)c1ccc(OCCN(C)C)cc1)c1ccccc1,Tamoxifen
455,DB00374,CCCCC[C@H](O)CC[C@@H]1[C@H]2Cc3cccc(OCC(=O)O)c3C[C@H]2C[C@H]1O,Treprostinil
456,DB00920,CN1CCC(=C2c3ccccc3CC(=O)c3sccc32)CC1,Ketotifen
457,DB02546,O=C(CCCCCCC(=O)Nc1ccccc1)NO,Vorinostat
458,DB00490,O=C1CC2(CCCC2)CC(=O)N1CCCCN1CCN(c2ncccn2)CC1,Buspirone
459,DB00744,CC(c1cc2ccccc2s1)N(O)C(N)=O,Zileuton
460,DB01177,CC(=O)[C@]1(O)Cc2c(O)c3c(c(O)c2[C@@H](O[C@H]2C[C@H](N)[C@H](O)[C@H](C)O2)C1)C(=O)c1ccccc1C3=O,Idarubicin
461,DB00876,CCCCc1ncc(/C=C(\Cc2cccs2)C(=O)O)n1Cc1ccc(C(=O)O)cc1,Eprosartan
462,DB01399,O=C(Oc1ccccc1C(=O)O)c1ccccc1O,Salsalate
463,DB00393,COCCOC(=O)C1=C(C)NC(C)=C(C(=O)OC(C)C)C1c1cccc([N+](=O)[O-])c1,Nimodipine
464,DB00350,Nc1cc(N2CCCCC2)nc(N)[n+]1[O-],Minoxidil
465,DB00736,COc1ccc2[nH]c([S@@](=O)Cc3ncc(C)c(OC)c3C)nc2c1,Esomeprazole
466,DB08815,O=C1[C@@H]2[C@H]3CC[C@H](C3)[C@@H]2C(=O)N1C[C@@H]1CCCC[C@H]1CN1CCN(c2nsc3ccccc23)CC1,Lurasidone
467,DB00325,N#C[Fe-2](C#N)(C#N)(C#N)(C#N)N=O,Nitroprusside
468,DB00471,CC(C)(O)c1ccccc1CC[C@@H](SCC1(CC(=O)O)CC1)c1cccc(/C=C/c2ccc3ccc(Cl)cc3n2)c1,Montelukast
469,DB01259,CS(=O)(=O)CCNCc1ccc(-c2ccc3ncnc(Nc4ccc(OCc5cccc(F)c5)c(Cl)c4)c3c2)o1,Lapatinib
470,DB00364,O.O=S(=O)(OC[C@H]1O[C@@](COS(=O)(=O)O[Al](O)O)(O[C@H]2O[C@H](COS(=O)(=O)O[Al](O)O)[C@@H](OS(=O)(=O)O[Al](O)O)[C@H](OS(=O)(=O)O[Al](O)O)[C@H]2OS(=O)(=O)O[Al](O)O)[C@@H](OS(=O)(=O)O[Al](O)O)[C@@H]1OS(=O)(=O)O[Al](O)O)O[Al](O)O.O[Al](O)O,Sucralfate
471,DB01246,CC(CN(C)C)CN1c2ccccc2Sc2ccccc21,Alimemazine
472,DB00763,Cn1cc[nH]c1=S,Methimazole
473,DB00246,O=C1Cc2cc(CCN3CCN(c4nsc5ccccc45)CC3)c(Cl)cc2N1,Ziprasidone
474,DB09054,CC[C@H](Nc1ncnc2[nH]cnc12)c1nc2cccc(F)c2c(=O)n1-c1ccccc1,Idelalisib
475,DB00080,CCCCCCCCCC(=O)N[C@@H](Cc1c[nH]c2ccccc12)C(=O)N[C@H](CC(N)=O)C(=O)N[C@@H](CC(=O)O)C(=O)N[C@@H]1C(=O)NCC(=O)N[C@@H](CCCN)C(=O)N[C@@H](CC(=O)O)C(=O)N[C@H](C)C(=O)N[C@@H](CC(=O)O)C(=O)NCC(=O)N[C@H](CO)C(=O)N[C@@H]([C@H](C)CC(=O)O)C(=O)N[C@@H](CC(=O)c2ccccc2N)C(=O)O[C@@H]1C,Daptomycin
476,DB00351,CC(=O)O[C@]1(C(C)=O)CC[C@H]2[C@@H]3C=C(C)C4=CC(=O)CC[C@]4(C)[C@H]3CC[C@@]21C,Megestrol acetate
477,DB00716,CCCc1c2oc(C(=O)O)cc(=O)c2cc2c(=O)cc(C(=O)O)n(CC)c12,Nedocromil
478,DB00612,CC(C)NCC(O)COc1ccc(COCCOC(C)C)cc1,Bisoprolol
479,DB00408,CN1CCN(C2=Nc3ccccc3Oc3ccc(Cl)cc32)CC1,Loxapine
480,DB06636,CNCC(=O)OCc1cccnc1N(C)C(=O)OC(C)[n+]1cnn(C[C@](O)(c2cc(F)ccc2F)[C@@H](C)c2nc(-c3ccc(C#N)cc3)cs2)c1,Isavuconazonium
481,DB06775,NC(=O)N[C@@H](CCC(=O)O)C(=O)O,Carglumic acid
482,DB01217,CC(C)(C#N)c1cc(Cn2cncn2)cc(C(C)(C)C#N)c1,Anastrozole
483,DB00226,NC(N)=NCC1COC2(CCCCC2)O1,Guanadrel
484,DB12770,O=C(CS(=O)Cc1ccco1)NC/C=C\COc1cc(CN2CCCCC2)ccn1,Lafutidine
485,DB00908,C=C[C@H]1CN2CC[C@H]1C[C@@H]2[C@@H](O)c1ccnc2ccc(OC)cc12,Quinidine
486,DB00441,Nc1ccn([C@@H]2O[C@H](CO)[C@@H](O)C2(F)F)c(=O)n1,Gemcitabine
487,DB00193,COc1cccc(C2(O)CCCCC2CN(C)C)c1,Tramadol
488,DB06589,Cc1ccc(Nc2nccc(N(C)c3ccc4c(C)n(C)nc4c3)n2)cc1S(N)(=O)=O,Pazopanib
489,DB01233,CCN(CC)CCNC(=O)c1cc(Cl)c(N)cc1OC,Metoclopramide
490,DB00768,CN(C)CC/C=C1/c2ccccc2COc2ccc(CC(=O)O)cc21,Olopatadine
491,DB00114,Cc1ncc(COP(=O)(O)O)c(C=O)c1O,Pyridoxal phosphate
492,DB00710,CCCCCN(C)CCC(O)(P(=O)(O)O)P(=O)(O)O,Ibandronate
493,DB00304,C#C[C@]1(O)CC[C@H]2[C@@H]3CCC4=CCCC[C@@H]4[C@H]3C(=C)C[C@@]21CC,Desogestrel
494,DB01394,COc1cc2c(c(OC)c1OC)-c1ccc(OC)c(=O)cc1[C@@H](NC(C)=O)CC2,Colchicine
495,DB11191,CC1=C2N3[C@@H]4[C@H](CC(N)=O)[C@@]2(C)CCC(=O)NC[C@@H](C)OP(=O)([O-])O[C@H]2[C@@H](O)[C@H](O[C@@H]2CO)n2c[n+](c5cc(C)c(C)cc52)[Co-3]325(C[C@H]3O[C@@H](n6cnc7c(N)ncnc76)[C@H](O)[C@@H]3O)[N+]3=C1[C@@H](CCC(N)=O)C(C)(C)C3=CC1=[N+]2C(=C(C)C2=[N+]5[C@]4(C)[C@@](C)(CC(N)=O)[C@@H]2CCC(N)=O)[C@@](C)(CC(N)=O)[C@@H]1CCC(N)=O,Cobamamide
496,DB00577,CC(C)[C@H](N)C(=O)OCCOCn1cnc2c(=O)nc(N)[nH]c21,Valaciclovir
497,DB08804,CCCCCCCCCC(=O)O[C@H]1CC[C@H]2[C@@H]3CCC4=CC(=O)CC[C@@H]4[C@H]3CC[C@]12C,Nandrolone decanoate
498,DB09321,O=[Zn],Zinc oxide
499,DB00808,CC1Cc2ccccc2N1NC(=O)c1ccc(Cl)c(S(N)(=O)=O)c1,Indapamide
500,DB01004,Nc1nc2c(ncn2COC(CO)CO)c(=O)[nH]1,Ganciclovir
501,DB01577,CN[C@@H](C)Cc1ccccc1,Metamfetamine
502,DB00518,CCCSc1ccc2nc(NC(=O)OC)[nH]c2c1,Albendazole
503,DB01084,CCOCCn1c(N2CCCN(C)CC2)nc2ccccc21,Emedastine
504,DB01046,CCCCC(F)(F)[C@@]1(O)CC[C@H]2[C@@H](CC(=O)[C@@H]2CCCCCCC(=O)O)O1,Lubiprostone
505,DB00397,CC(N)C(O)c1ccccc1,Phenylpropanolamine
506,DB00507,CC(=O)Oc1ccccc1C(=O)Nc1ncc([N+](=O)[O-])s1,Nitazoxanide
507,DB00968,C[C@](N)(Cc1ccc(O)c(O)c1)C(=O)O,Methyldopa
508,DB00843,COc1cc2c(cc1OC)C(=O)C(CC1CCN(Cc3ccccc3)CC1)C2,Donepezil
509,DB00549,COc1cc(C(=O)NS(=O)(=O)c2ccccc2C)ccc1Cc1cn(C)c2ccc(NC(=O)OC3CCCC3)cc12,Zafirlukast
510,DB00622,COC(=O)C1=C(C)NC(C)=C(C(=O)OCCN(C)Cc2ccccc2)C1c1cccc([N+](=O)[O-])c1,Nicardipine
511,DB00584,CCOC(=O)[C@H](CCc1ccccc1)N[C@@H](C)C(=O)N1CCC[C@H]1C(=O)O,Enalapril
512,DB14002,CC(=O)Oc1c(C)c(C)c2c(c1C)CC[C@@](C)(CCC[C@H](C)CCC[C@H](C)CCCC(C)C)O2,D-alpha-Tocopherol acetate
513,DB00404,Cc1nnc2n1-c1ccc(Cl)cc1C(c1ccccc1)=NC2,Alprazolam
514,DB00367,C#C[C@]1(O)CC[C@H]2[C@@H]3CCC4=CC(=O)CC[C@@H]4[C@H]3CC[C@@]21CC,Levonorgestrel
515,DB11190,CC(C)(CO)[C@@H](O)C(=O)NCCC(=O)NCCSSCCNC(=O)CCNC(=O)[C@H](O)C(C)(C)CO,Pantethine
516,DB08872,CC(OC(=O)NCC1(CC(=O)O)CCCCC1)OC(=O)C(C)C,Gabapentin enacarbil
517,DB01151,CNCCCN1c2ccccc2CCc2ccccc21,Desipramine
518,DB00650,Nc1nc2c(c(=O)[nH]1)N(C=O)C(CNc1ccc(C(=O)N[C@@H](CCC(=O)O)C(=O)O)cc1)CN2,Leucovorin
519,DB00355,C[C@H]1[C@H](NC(=O)/C(=N\OC(C)(C)C(=O)O)c2csc([NH3+])n2)C(=O)N1S(=O)(=O)[O-],Aztreonam
520,DB01505,CCOC(=O)C1(c2ccccc2)CCN(CCOCCO)CC1,Etoxeridine
521,DB00428,CN(N=O)C(=O)N[C@@H]1[C@@H](O)[C@H](O)[C@@H](CO)O[C@@H]1O,Streptozocin
522,DB08799,c1ccc(CN(CC2=NCCN2)c2ccccc2)cc1,Antazoline
523,DB08901,Cc1ccc(C(=O)Nc2ccc(CN3CCN(C)CC3)c(C(F)(F)F)c2)cc1C#Cc1cnc2cccnn12,Ponatinib
524,DB00280,CC(C)N(CCC(C(N)=O)(c1ccccc1)c1ccccn1)C(C)C,Disopyramide
525,DB11952,C[C@H](Nc1ncnc2[nH]cnc12)c1cc2cccc(Cl)c2c(=O)n1-c1ccccc1,Duvelisib
526,DB00984,C[C@]12CC[C@H]3[C@@H](CCC4=CC(=O)CC[C@@H]43)[C@@H]1CC[C@@H]2OC(=O)CCc1ccccc1,Nandrolone phenpropionate
527,DB01255,C[C@@H](Cc1ccccc1)NC(=O)[C@@H](N)CCCCN,Lisdexamfetamine
528,DB09006,CCC(C)(Oc1ccc(C2(c3ccc(OC(C)(CC)C(=O)O)cc3)CCCCC2)cc1)C(=O)O,Clinofibrate
529,DB05528,CC1=CN(C(=O)NC1=O)C2CC(C(O2)COP(=O)([O-])SC3CC(OC3COP(=O)([O-])SC4CC(OC4COP(=O)([O-])SC5CC(OC5COP(=O)([O-])SC6CC(OC6COP(=O)([O-])SC7CC(OC7COP(=O)([O-])SC8CC(OC8COP(=O)([O-])SC9CC(OC9COP(=O)([O-])SC1C(OC(C1OCCOC)N1C=C(C(=NC1=O)N)C)COP(=O)([O-])SC1C(OC(C1OCCOC)N1C=C(C(=O)NC1=O)C)COP(=O)([O-])SC1C(OC(C1OCCOC)N1C=C(C(=NC1=O)N)C)COP(=O)([O-])SC1C(OC(C1OCCOC)N1C=C(C(=NC1=O)N)C)COP(=O)([O-])SC1C(OC(C1OCCOC)N1C=NC2=C1N=C(NC2=O)N)CO)N1C=NC2=C(N=CN=C21)N)N1C=NC2=C1N=C(NC2=O)N)N1C=C(C(=O)NC1=O)C)N1C=C(C(=NC1=O)N)C)N1C=C(C(=O)NC1=O)C)N1C=NC2=C1N=C(NC2=O)N)N1C=C(C(=NC1=O)N)C)SP(=O)([O-])OCC1C(CC(O1)N1C=C(C(=O)NC1=O)C)SP(=O)([O-])OCC1C(CC(O1)N1C=C(C(=NC1=O)N)C)SP(=O)([O-])OCC1C(C(C(O1)N1C=NC2=C1N=C(NC2=O)N)OCCOC)SP(=O)([O-])OCC1C(C(C(O1)N1C=C(C(=NC1=O)N)C)OCCOC)SP(=O)([O-])OCC1C(C(C(O1)N1C=NC2=C(N=CN=C21)N)OCCOC)SP(=O)([O-])OCC1C(C(C(O1)N1C=C(C(=NC1=O)N)C)OCCOC)SP(=O)([O-])OCC1C(C(C(O1)N1C=C(C(=NC1=O)N)C)OCCOC)O.[Na+].[Na+].[Na+].[Na+].[Na+].[Na+].[Na+].[Na+].[Na+].[Na+].[Na+].[Na+].[Na+].[Na+].[Na+].[Na+].[Na+].[Na+].[Na+],Mipomersen
530,DB00822,CCN(CC)C(=S)SSC(=S)N(CC)CC,Disulfiram
531,DB00185,CC1O[C@@]2(CS1)CN1CCC2CC1,Cevimeline
532,DB09230,CC1=C(C(=O)OC(C)C)C(c2cccc([N+](=O)[O-])c2)C(C(=O)OC2CN(C(c3ccccc3)c3ccccc3)C2)=C(N)N1,Azelnidipine
533,DB06414,Cc1cc(C#N)cc(C)c1Oc1nc(Nc2ccc(C#N)cc2)nc(N)c1Br,Etravirine
534,DB00317,COc1cc2ncnc(Nc3ccc(F)c(Cl)c3)c2cc1OCCCN1CCOCC1,Gefitinib
535,DB00704,O=C1CC[C@@]2(O)[C@H]3Cc4ccc(O)c5c4[C@@]2(CCN3CC2CC2)[C@H]1O5,Naltrexone
536,DB06412,C[C@]12C/C(=C/O)C(=O)C[C@@H]1CC[C@@H]1[C@@H]2CC[C@@]2(C)[C@H]1CC[C@]2(C)O,Oxymetholone
537,DB00638,C([C@@H]1[C@H]([C@@H]([C@H]([C@H](O1)O[C@]2([C@H]([C@@H]([C@H](O2)CO)O)O)CO[C@]3([C@H]([C@@H]([C@H](O3)CO)O)O)CO[C@]4([C@H]([C@@H]([C@H](O4)CO)O)O)CO[C@]5([C@H]([C@@H]([C@H](O5)CO)O)O)CO[C@]6([C@H]([C@@H]([C@H](O6)CO)O)O)CO[C@]7([C@H]([C@@H]([C@H](O7)CO)O)O)CO[C@]8([C@H]([C@@H]([C@H](O8)CO)O)O)CO[C@]9([C@H]([C@@H]([C@H](O9)CO)O)O)CO[C@]1([C@H]([C@@H]([C@H](O1)CO)O)O)CO[C@]1([C@H]([C@@H]([C@H](O1)CO)O)O)CO[C@]1([C@H]([C@@H]([C@H](O1)CO)O)O)CO[C@]1([C@H]([C@@H]([C@H](O1)CO)O)O)CO[C@]1([C@H]([C@@H]([C@H](O1)CO)O)O)CO[C@]1([C@H]([C@@H]([C@H](O1)CO)O)O)CO[C@]1([C@H]([C@@H]([C@H](O1)CO)O)O)CO[C@]1([C@H]([C@@H]([C@H](O1)CO)O)O)CO[C@]1([C@H]([C@@H]([C@H](O1)CO)O)O)CO[C@]1([C@H]([C@@H]([C@H](O1)CO)O)O)CO[C@]1([C@H]([C@@H]([C@H](O1)CO)O)O)CO[C@]1([C@H]([C@@H]([C@H](O1)CO)O)O)CO[C@]1([C@H]([C@@H]([C@H](O1)CO)O)O)CO[C@]1([C@H]([C@@H]([C@H](O1)CO)O)O)CO[C@]1([C@H]([C@@H]([C@H](O1)CO)O)O)CO[C@]1([C@H]([C@@H]([C@H](O1)CO)O)O)CO[C@]1([C@H]([C@@H]([C@H](O1)CO)O)O)CO[C@]1([C@H]([C@@H]([C@H](O1)CO)O)O)CO[C@]1([C@H]([C@@H]([C@H](O1)CO)O)O)CO[C@]1([C@H]([C@@H]([C@H](O1)CO)O)O)CO[C@]1([C@H]([C@@H]([C@H](O1)CO)O)O)CO[C@]1([C@H]([C@@H]([C@H](O1)CO)O)O)CO[C@]1([C@H]([C@@H]([C@H](O1)CO)O)O)CO[C@]1([C@H]([C@@H]([C@H](O1)CO)O)O)CO[C@]1([C@H]([C@@H]([C@H](O1)CO)O)O)CO[C@]1([C@H]([C@@H]([C@H](O1)CO)O)O)CO[C@]1([C@H]([C@@H]([C@H](O1)CO)O)O)CO[C@]1([C@H]([C@@H]([C@H](O1)CO)O)O)CO[C@]1([C@H]([C@@H]([C@H](O1)CO)O)O)CO)O)O)O)O,Inulin
538,DB00352,Nc1nc(=S)c2[nH]cnc2[nH]1,Tioguanine
539,DB00191,CC(C)(N)Cc1ccccc1,Phentermine
540,DB01611,CCN(CCO)CCCC(C)Nc1ccnc2cc(Cl)ccc12,Hydroxychloroquine
541,DB11644,O=C(O)c1ccc2nc(-c3cc(Cl)cc(Cl)c3)oc2c1,Tafamidis
542,DB01378,[Mg+2],Magnesium cation
543,DB00900,O=c1nc[nH]c2c1ncn2[C@H]1CC[C@@H](CO)O1,Didanosine
544,DB01119,CC1=NS(=O)(=O)c2cc(Cl)ccc2N1,Diazoxide
545,DB01114,CN(C)CCC(c1ccc(Cl)cc1)c1ccccn1,Chlorpheniramine
546,DB00772,CCOC(=O)CC(SP(=S)(OC)OC)C(=O)OCC,Malathion
547,DB08896,CNC(=O)c1cc(Oc2ccc(NC(=O)Nc3ccc(Cl)c(C(F)(F)F)c3)c(F)c2)ccn1,Regorafenib
548,DB01544,CN1C(=O)CN=C(c2ccccc2F)c2cc([N+](=O)[O-])ccc21,Flunitrazepam
549,DB00731,CC(C)[C@H]1CC[C@H](C(=O)N[C@H](Cc2ccccc2)C(=O)O)CC1,Nateglinide
550,DB01065,COc1ccc2[nH]cc(CCNC(C)=O)c2c1,Melatonin
551,DB09038,OC[C@H]1O[C@@H](c2ccc(Cl)c(Cc3ccc(O[C@H]4CCOC4)cc3)c2)[C@H](O)[C@@H](O)[C@@H]1O,Empagliflozin
552,DB00210,COc1ccc(-c2ccc3cc(C(=O)O)ccc3c2)cc1C12CC3CC(CC(C3)C1)C2,Adapalene
553,DB09221,NCCC(=O)N1[Zn]OC(=O)[C@@H]1Cc1cnc[nH]1,Polaprezinc
554,DB00324,CC(=O)[C@@]1(O)CC[C@H]2[C@@H]3C[C@H](C)C4=CC(=O)C=C[C@]4(C)[C@@]3(F)[C@@H](O)C[C@@]21C,Fluorometholone
555,DB00985,CN(C)CCOC(c1ccccc1)c1ccccc1.Cn1c(=O)c2nc(Cl)[nH]c2n(C)c1=O,Dimenhydrinate
556,DB00198,CCOC(=O)C1=C[C@@H](OC(CC)CC)[C@H](NC(C)=O)[C@@H](N)C1,Oseltamivir
557,DB01351,CCC1(CCC(C)C)C(=O)NC(=O)NC1=O,Amobarbital
558,DB00308,CCCCCCCN(CC)CCCC(O)c1ccc(NS(C)(=O)=O)cc1,Ibutilide
559,DB00314,C[C@@H]1NC(=O)[C@@H](N)CNC(=O)[C@H]([C@H]2CCN=C(N)N2)NC(=O)/C(=C\NC(N)=O)NC(=O)[C@H](CNC(=O)C[C@@H](N)CCCN)NC1=O.NCCC[C@H](N)CC(=O)NC[C@@H]1NC(=O)[C@H](CO)NC(=O)[C@@H](N)CNC(=O)[C@H]([C@H]2CCN=C(N)N2)NC(=O)/C(=C\NC(N)=O)NC1=O,Capreomycin
560,DB06203,Cn1c(=O)cc(N2CCC[C@@H](N)C2)n(Cc2ccccc2C#N)c1=O,Alogliptin
561,DB04868,Cc1cn(-c2cc(NC(=O)c3ccc(C)c(Nc4nccc(-c5cccnc5)n4)c3)cc(C(F)(F)F)c2)cn1,Nilotinib
562,DB06770,OCc1ccccc1,Benzyl alcohol
563,DB01016,COc1ccc(Cl)cc1C(=O)NCCc1ccc(S(=O)(=O)NC(=O)NC2CCCCC2)cc1,Glyburide
564,DB01006,N#Cc1ccc(C(c2ccc(C#N)cc2)n2cncn2)cc1,Letrozole
565,DB14539,CC(=O)OCC(=O)[C@@]1(O)CC[C@H]2[C@@H]3CCC4=CC(=O)CC[C@]4(C)[C@H]3[C@@H](O)C[C@@]21C,Hydrocortisone acetate
566,DB00625,O=C1Nc2ccc(Cl)cc2[C@@](C#CC2CC2)(C(F)(F)F)O1,Efavirenz
567,DB00882,CCN(CC)CCOc1ccc(C(=C(Cl)c2ccccc2)c2ccccc2)cc1,Clomifene
568,DB06700,CN(C)CC(c1ccc(O)cc1)C1(O)CCCCC1,Desvenlafaxine
569,DB00412,CN(CCOc1ccc(CC2SC(=O)NC2=O)cc1)c1ccccn1,Rosiglitazone
570,DB09034,Cc1ccc(-n2nccn2)c(C(=O)N2CCN(c3nc4cc(Cl)ccc4o3)CC[C@H]2C)c1,Suvorexant
571,DB05990,CC[C@H]1[C@@H](O)[C@@H]2[C@H](CC[C@]3(C)[C@@H]([C@H](C)CCC(=O)O)CC[C@@H]23)[C@@]2(C)CC[C@@H](O)C[C@@H]12,Obeticholic acid
572,DB06739,CC1=C(C)C(=O)C(C(CCCCCC(=O)O)c2ccccc2)=C(C)C1=O,Seratrodast
573,DB04854,Cc1nc(-c2ccc(OCC(C)C)c(C#N)c2)sc1C(=O)O,Febuxostat
574,DB00917,CCCCC[C@H](O)/C=C/[C@H]1[C@H](O)CC(=O)[C@@H]1C/C=C\CCCC(=O)O,Dinoprostone
575,DB00125,N=C(N)NCCC[C@H](N)C(=O)O,Arginine
576,DB09296,COC(=O)N[C@H](C(=O)N1CCC[C@H]1C(=O)Nc1ccc([C@@H]2CC[C@@H](c3ccc(NC(=O)[C@@H]4CCCN4C(=O)[C@@H](NC(=O)OC)C(C)C)cc3)N2c2ccc(C(C)(C)C)cc2)cc1)C(C)C,Ombitasvir
577,DB02300,C=C1/C(=C\C=C2/CCC[C@]3(C)[C@@H]([C@H](C)/C=C/[C@@H](O)C4CC4)CC[C@@H]23)C[C@@H](O)C[C@@H]1O,Calcipotriol
578,DB00208,Clc1ccccc1CN1CCc2sccc2C1,Ticlopidine
579,DB00688,COc1c(C)c2c(c(O)c1C/C=C(\C)CCC(=O)OCCN1CCOCC1)C(=O)OC2,Mycophenolate mofetil
580,DB00847,NCCS,Cysteamine
581,DB11362,CC(C)N(CCCCOCC(=O)NS(C)(=O)=O)c1cnc(-c2ccccc2)c(-c2ccccc2)n1,Selexipag
582,DB00937,CCN(CC)C(C)C(=O)c1ccccc1,Diethylpropion
583,DB00384,Nc1nc(N)c2nc(-c3ccccc3)c(N)nc2n1,Triamterene
584,DB01237,CN(C)CCOC(c1ccccc1)c1ccc(Br)cc1,Bromodiphenhydramine
585,DB00289,CNCC[C@@H](Oc1ccccc1C)c1ccccc1,Atomoxetine
586,DB00276,COc1cc(NS(C)(=O)=O)ccc1Nc1c2ccccc2nc2ccccc12,Amsacrine
587,DB00644,CC(C)CC(NC(=O)CNC(=O)C(Cc1ccc(O)cc1)NC(=O)C(CO)NC(=O)C(Cc1c[nH]c2ccccc12)NC(=O)C(Cc1cnc[nH]1)NC(=O)C1CCC(=O)N1)C(=O)NC(CCCN=C(N)N)C(=O)N1CCCC1C(=O)NCC(N)=O,Gonadorelin
588,DB01656,O=C(Nc1c(Cl)cncc1Cl)c1ccc(OC(F)F)c(OCC2CC2)c1,Roflumilast
589,DB00907,COC(=O)[C@H]1[C@@H](OC(=O)c2ccccc2)C[C@@H]2CC[C@H]1N2C,Cocaine
590,DB08816,CCCSc1nc(N[C@@H]2C[C@H]2c2ccc(F)c(F)c2)c2nnn([C@@H]3C[C@H](OCCO)[C@@H](O)[C@H]3O)c2n1,Ticagrelor
591,DB00771,C[N@+]12CC[C@H](CC1)C(OC(=O)C(O)(c1ccccc1)c1ccccc1)C2,Clidinium
592,DB12319,CCc1oc2ccccc2c1C(=O)c1cc(Br)c(O)c(Br)c1,Benzbromarone
593,DB11921,CC(=O)OCC(=O)[C@@]12N=C(C)O[C@@H]1C[C@H]1[C@@H]3CCC4=CC(=O)C=C[C@]4(C)[C@H]3[C@@H](O)C[C@@]12C,Deflazacort
594,DB04845,C/C(=C\c1csc(C)n1)[C@@H]1C[C@@H]2O[C@]2(C)CCC[C@H](C)[C@H](O)[C@@H](C)C(=O)C(C)(C)[C@@H](O)CC(=O)N1,Ixabepilone
595,DB00706,CCOc1ccccc1OCCN[C@H](C)Cc1ccc(OC)c(S(N)(=O)=O)c1,Tamsulosin
596,DB01267,Cc1nc2n(c(=O)c1CCN1CCC(c3noc4cc(F)ccc34)CC1)CCCC2O,Paliperidone
597,DB00952,CNS(=O)(=O)CCc1ccc2[nH]cc(C3CCN(C)CC3)c2c1,Naratriptan
598,DB00718,CC(C)(C)C(=O)OCOP(=O)(COCCn1cnc2c(N)ncnc21)OCOC(=O)C(C)(C)C,Adefovir dipivoxil
599,DB01215,Clc1ccc2c(c1)C(c1ccccc1)=NCc1nncn1-2,Estazolam
600,DB00975,OCCN(CCO)c1nc(N2CCCCC2)c2nc(N(CCO)CCO)nc(N3CCCCC3)c2n1,Dipyridamole
601,DB11450,COc1ccc(-c2nc3cc(C4=NNC(=O)CC4C)ccc3[nH]2)cc1,Pimobendan
602,DB01017,CN(C)c1ccc(O)c2c1C[C@H]1C[C@H]3[C@H](N(C)C)C(O)=C(C(N)=O)C(=O)[C@@]3(O)C(O)=C1C2=O,Minocycline
603,DB01072,COC(=O)N[C@H](C(=O)N[C@@H](Cc1ccccc1)[C@@H](O)CN(Cc1ccc(-c2ccccn2)cc1)NC(=O)[C@@H](NC(=O)OC)C(C)(C)C)C(C)(C)C,Atazanavir
604,DB00804,CCN(CC)CCOC(=O)C1(C2CCCCC2)CCCCC1,Dicyclomine
605,DB00382,Nc1c2c(nc3ccccc13)CCCC2,Tacrine
606,DB03796,CCCCCCCCCCCCCCCC(=O)O,Palmitic Acid
607,DB00631,Nc1nc(Cl)nc2c1ncn2[C@@H]1O[C@H](CO)[C@@H](O)[C@@H]1F,Clofarabine
608,DB01125,COc1ccc(C2C(=O)c3ccccc3C2=O)cc1,Anisindione
609,DB00834,CC#C[C@]1(O)CC[C@H]2[C@@H]3CCC4=CC(=O)CCC4=C3[C@@H](c3ccc(N(C)C)cc3)C[C@@]21C,Mifepristone
610,DB00218,COc1c(N2C[C@@H]3CCCN[C@@H]3C2)c(F)cc2c(=O)c(C(=O)O)cn(C3CC3)c12,Moxifloxacin
611,DB08909,O=C(CCCc1ccccc1)OCC(COC(=O)CCCc1ccccc1)OC(=O)CCCc1ccccc1,Glycerol phenylbutyrate
612,DB00939,Cc1ccc(Cl)c(Nc2ccccc2C(=O)O)c1Cl,Meclofenamic acid
613,DB00543,Clc1ccc2c(c1)C(N1CCNCC1)=Nc1ccccc1O2,Amoxapine
614,DB00784,Cc1cccc(Nc2ccccc2C(=O)O)c1C,Mefenamic acid
615,DB00414,CC(=O)c1ccc(S(=O)(=O)NC(=O)NC2CCCCC2)cc1,Acetohexamide
616,DB08880,C/C(O)=C(\C#N)C(=O)Nc1ccc(C(F)(F)F)cc1,Teriflunomide
617,DB01067,Cc1cnc(C(=O)NCCc2ccc(S(=O)(=O)NC(=O)NC3CCCCC3)cc2)cn1,Glipizide
618,DB00700,COC(=O)[C@@H]1CC2=CC(=O)CC[C@]2(C)[C@@]23O[C@@H]2C[C@@]2(C)[C@@H](CC[C@@]24CCC(=O)O4)[C@H]13,Eplerenone
619,DB00925,CC(COc1ccccc1)N(CCCl)Cc1ccccc1,Phenoxybenzamine
620,DB09040,C=C1CCN([C@H](C)[C@](O)(Cn2cncn2)c2ccc(F)cc2F)CC1,Efinaconazole
621,DB09041,OB1OCc2cc(F)ccc21,Tavaborole
622,DB09096,O=C(OOC(=O)c1ccccc1)c1ccccc1,Benzoyl peroxide
623,DB01093,CS(C)=O,Dimethyl sulfoxide
624,DB01283,Cc1ccc(Nc2c(F)cccc2Cl)c(CC(=O)O)c1,Lumiracoxib
625,DB00422,COC(=O)C(c1ccccc1)C1CCCCN1,Methylphenidate
626,DB09274,C[C@H]1[C@H](OC(=O)CCC(=O)O)O[C@@H]2O[C@@]3(C)CC[C@H]4[C@H](C)CC[C@@H]1[C@@]24OO3,Artesunate
627,DB01608,N#Cc1ccc2c(c1)N(CCCN1CCC(O)CC1)c1ccccc1S2,Periciazine
628,DB00761,[Cl-].[K+],Potassium chloride
629,DB09073,CC(=O)c1c(C)c2cnc(Nc3ccc(N4CCNCC4)cn3)nc2n(C2CCCC2)c1=O,Palbociclib
630,DB08890,C[C@@H]1NC(=O)[C@@H]2CCCN2C(=O)[C@H](CC(N)=O)NC(=O)[C@@H]2CSSC[C@H](N)C(=O)N[C@H]3CSSC[C@H](NC1=O)C(=O)N[C@@H]([C@@H](C)O)C(=O)NCC(=O)N[C@H](C(=O)N[C@@H](Cc1ccc(O)cc1)C(=O)O)CSSC[C@H](NC(=O)[C@H](Cc1ccc(O)cc1)NC(=O)[C@H](CCC(=O)O)NC3=O)C(=O)N2,Linaclotide
631,DB00998,CN[C@@H]1CCc2[nH]c3ccc(C(N)=O)cc3c2C1,Frovatriptan
632,DB01128,CC(O)(CS(=O)(=O)c1ccc(F)cc1)C(=O)Nc1ccc(C#N)c(C(F)(F)F)c1,Bicalutamide
633,DB00963,Nc1c(CC(=O)O)cccc1C(=O)c1ccc(Br)cc1,Bromfenac
634,DB05521,CCC[C@H](NC(=O)[C@@H]1[C@H]2CCC[C@H]2CN1C(=O)[C@@H](NC(=O)[C@@H](NC(=O)c1cnccn1)C1CCCCC1)C(C)(C)C)C(=O)C(=O)NC1CC1,Telaprevir
635,DB00765,C[C@](N)(Cc1ccc(O)cc1)C(=O)O,Metyrosine
636,DB00551,CC(=O)NO,Acetohydroxamic acid
637,DB06410,C=C1/C(=C\C=C2/CCC[C@]3(C)[C@@H]([C@H](C)/C=C/[C@H](C)C(C)C)CC[C@@H]23)C[C@@H](O)C[C@@H]1O,Doxercalciferol
638,DB00251,CC(C)N1CCN(c2ccc(OC[C@@H]3CO[C@@](Cn4cncn4)(c4ccc(Cl)cc4Cl)O3)cc2)CC1,Terconazole
639,DB06768,CC(O)C(=O)[O-].[NH4+],Ammonium lactate
640,DB01032,CCCN(CCC)S(=O)(=O)c1ccc(C(=O)O)cc1,Probenecid
641,DB08932,CCCNS(=O)(=O)Nc1ncnc(OCCOc2ncc(Br)cn2)c1-c1ccc(Br)cc1,Macitentan
642,DB01628,Cc1ccc(-c2ncc(Cl)cc2-c2ccc(S(C)(=O)=O)cc2)cn1,Etoricoxib
643,DB00626,CC[C@H](C)[C@H](N)C1=N[C@H](C(=O)N[C@@H](CC(C)C)C(=O)N[C@H](CCC(=O)O)C(=O)N[C@H](C(=O)N[C@H]2CCCCNC(=O)[C@H](CC(N)=O)NC(=O)[C@@H](CC(=O)O)NC(=O)[C@H](Cc3c[nH]cn3)NC(=O)[C@@H](Cc3ccccc3)NC(=O)[C@H]([C@@H](C)CC)NC(=O)[C@@H](CCCN)NC2=O)[C@@H](C)CC)CS1,Bacitracin
644,DB01252,O=C(O)[C@H](CC(=O)N1C[C@H]2CCCC[C@H]2C1)Cc1ccccc1,Mitiglinide
645,DB01012,C[C@@H](NCCCc1cccc(C(F)(F)F)c1)c1cccc2ccccc12,Cinacalcet
646,DB01133,O=P(O)(O)C(Sc1ccc(Cl)cc1)P(=O)(O)O,Tiludronic acid
647,DB01113,COc1ccc(Cc2nccc3cc(OC)c(OC)cc23)cc1OC,Papaverine
648,DB01232,CC(C)(C)NC(=O)[C@@H]1C[C@@H]2CCCC[C@@H]2CN1C[C@@H](O)[C@H](Cc1ccccc1)NC(=O)[C@H](CC(N)=O)NC(=O)c1ccc2ccccc2n1,Saquinavir
649,DB00200,CC1=C2N3[C@@H]4[C@H](CC(N)=O)[C@@]2(C)CCC(=O)NC[C@@H](C)OP(=O)([O-])O[C@H]2[C@@H](O)[C@H](O[C@@H]2CO)n2c[n+](c5cc(C)c(C)cc52)[Co-3]325(O)[N+]3=C1[C@@H](CCC(N)=O)C(C)(C)C3=CC1=[N+]2C(=C(C)C2=[N+]5[C@]4(C)[C@@](C)(CC(N)=O)[C@@H]2CCC(N)=O)[C@@](C)(CC(N)=O)[C@@H]1CCC(N)=O,Hydroxocobalamin
650,DB00560,CN(C)c1cc(NC(=O)CNC(C)(C)C)c(O)c2c1C[C@H]1C[C@H]3[C@H](N(C)C)C(O)=C(C(N)=O)C(=O)[C@@]3(O)C(O)=C1C2=O,Tigecycline
651,DB01142,CN(C)CCC=C1c2ccccc2COc2ccccc21,Doxepin
652,DB01476,O=C1CN2CCOC2(c2ccccc2F)c2cc(Br)ccc2N1,Haloxazolam
653,DB00679,CSc1ccc2c(c1)N(CCC1CCCCN1C)c1ccccc1S2,Thioridazine
654,DB00442,C=C1[C@H](CO)[C@@H](O)C[C@@H]1n1cnc2c(=O)nc(N)[nH]c21,Entecavir
655,DB06626,CNC(=O)c1ccccc1Sc1ccc2c(/C=C/c3ccccn3)n[nH]c2c1,Axitinib
656,DB00877,CO[C@H]1C[C@@H]2CC[C@@H](C)[C@@](O)(O2)C(=O)C(=O)N2CCCC[C@H]2C(=O)O[C@H]([C@H](C)C[C@@H]2CC[C@@H](O)[C@H](OC)C2)CC(=O)[C@H](C)/C=C(\C)[C@@H](O)[C@@H](OC)C(=O)[C@H](C)C[C@H](C)/C=C/C=C/C=C/1C,Sirolimus
657,DB00238,Cc1ccnc2c1NC(=O)c1cccnc1N2C1CC1,Nevirapine
658,DB00495,Cc1cn([C@H]2C[C@H](N=[N+]=[N-])[C@@H](CO)O2)c(=O)[nH]c1=O,Zidovudine
659,DB00347,CN1C(=O)OC(C)(C)C1=O,Trimethadione
660,DB00593,CCC1(C)CC(=O)NC1=O,Ethosuximide
661,DB09223,CCN1CCN(c2cc(-c3ccc(F)cc3)c3c(n2)CCCCCC3)CC1,Blonanserin
662,DB01586,C[C@H](CCC(=O)O)[C@H]1CC[C@H]2[C@@H]3[C@@H](O)C[C@@H]4C[C@H](O)CC[C@]4(C)[C@H]3CC[C@]12C,Ursodeoxycholic acid
663,DB06201,NC(=O)c1cn(Cc2c(F)cccc2F)nn1,Rufinamide
664,DB09477,C[C@H](N[C@@H](CCc1ccccc1)C(=O)O)C(=O)N1CCC[C@H]1C(=O)O,Enalaprilat
665,DB00569,CO[C@H]1O[C@H](COS(=O)(=O)O)[C@@H](O[C@@H]2O[C@@H](C(=O)O)[C@@H](O[C@H]3O[C@H](COS(=O)(=O)O)[C@@H](O[C@@H]4O[C@H](C(=O)O)[C@@H](O[C@H]5O[C@H](COS(=O)(=O)O)[C@@H](O)[C@H](O)[C@H]5NS(=O)(=O)O)[C@H](O)[C@H]4O)[C@H](OS(=O)(=O)O)[C@H]3NS(=O)(=O)O)[C@H](O)[C@H]2OS(=O)(=O)O)[C@H](O)[C@H]1NS(=O)(=O)O,Fondaparinux
666,DB01095,CC(C)n1c(/C=C/C(O)CC(O)CC(=O)O)c(-c2ccc(F)cc2)c2ccccc21,Fluvastatin
667,DB00646,C[C@@H]1[C@H](O)[C@@H](C)/C=C/C=C/CC/C=C/C=C/C=C/C=C/[C@H](O[C@@H]2O[C@H](C)[C@@H](O)[C@H](N)[C@@H]2O)C[C@@H]2O[C@](O)(C[C@@H](O)[C@H](O)CC[C@@H](O)C[C@@H](O)C[C@@H](O)CC(=O)O[C@H]1C)C[C@H](O)[C@H]2C(=O)O,Nystatin
668,DB01083,CCCCCCCCCCC[C@@H](C[C@@H]1OC(=O)[C@H]1CCCCCC)OC(=O)[C@H](CC(C)C)NC=O,Orlistat
669,DB06401,Cc1c(-c2ccc(O)cc2)n(Cc2ccc(OCCN3CCCCCC3)cc2)c2ccc(O)cc12,Bazedoxifene
670,DB00545,CN(C)C(=O)Oc1ccc[n+](C)c1,Pyridostigmine
671,DB00868,CCCCNc1ccc(C(=O)OCCOCCOCCOCCOCCOCCOCCOCCOCCOC)cc1,Benzonatate
672,DB00962,CCN(C(C)=O)c1cccc(-c2ccnc3c(C#N)cnn23)c1,Zaleplon
673,DB06756,C[N+](C)(C)CC(=O)[O-],Betaine
674,DB06715,[I-].[K+],Potassium Iodide
675,DB09225,CN(C)CCOC1=Cc2ccccc2Sc2ccc(Cl)cc21,Zotepine
676,DB00514,COc1ccc2c(c1)[C@]13CCCC[C@@H]1[C@H](C2)N(C)CC3,Dextromethorphan
677,DB00236,O=C(CCBr)N1CCN(C(=O)CCBr)CC1,Pipobroman
678,DB04844,COc1cc2c(cc1OC)C1CC(=O)C(CC(C)C)CN1CC2,Tetrabenazine
679,DB00885,Cc1cccn2c(=O)c(-c3nn[nH]n3)cnc12,Pemirolast
680,DB00252,O=C1NC(=O)C(c2ccccc2)(c2ccccc2)N1,Phenytoin
681,DB01196,C[C@]12CC[C@@H]3c4ccc(OC(=O)N(CCCl)CCCl)cc4CC[C@H]3[C@@H]1CC[C@@H]2O,Estramustine
682,DB00469,CN1C(C(=O)Nc2ccccn2)=C(O)c2sccc2S1(=O)=O,Tenoxicam
683,DB11611,CS(=O)(=O)c1cccc(C[C@H](NC(=O)c2c(Cl)cc3c(c2Cl)CCN(C(=O)c2ccc4ccoc4c2)C3)C(=O)O)c1,Lifitegrast
684,DB06268,Cc1cc2c(cc1CC(=O)c1sccc1S(=O)(=O)Nc1onc(C)c1Cl)OCO2,Sitaxentan
685,DB00523,CC1=C(/C=C/C(C)=C\C=C\C(C)=C\C(=O)O)C(C)(C)CCC1,Alitretinoin
686,DB00362,CCCCCOc1ccc(-c2ccc(-c3ccc(C(=O)N[C@H]4C[C@@H](O)[C@@H](O)NC(=O)[C@@H]5[C@@H](O)[C@@H](C)CN5C(=O)[C@H]([C@@H](C)O)NC(=O)[C@H]([C@H](O)[C@@H](O)c5ccc(O)cc5)NC(=O)[C@@H]5C[C@@H](O)CN5C(=O)[C@H]([C@@H](C)O)NC4=O)cc3)cc2)cc1,Anidulafungin
687,DB08882,CC#CCn1c(N2CCC[C@@H](N)C2)nc2c1c(=O)n(Cc1nc(C)c3ccccc3n1)c(=O)n2C,Linagliptin
688,DB01206,O=NN(CCCl)C(=O)NC1CCCCC1,Lomustine
689,DB14185,CCCCCCCCCCCC(=O)OCN1C(=O)CCc2ccc(OCCCCN3CCN(c4cccc(Cl)c4Cl)CC3)cc21,Aripiprazole lauroxil
690,DB00956,COc1ccc2c3c1O[C@H]1C(=O)CC[C@H]4[C@@H](C2)N(C)CC[C@]314,Hydrocodone
691,DB00865,C[C@@H](Cc1ccccc1)N(C)Cc1ccccc1,Benzphetamine
692,DB04573,C[C@]12CC[C@@H]3c4ccc(O)cc4CC[C@H]3[C@@H]1C[C@@H](O)[C@@H]2O,Estriol
693,DB00951,NNC(=O)c1ccncc1,Isoniazid
694,DB00953,CN(C)CCc1c[nH]c2ccc(Cn3cncn3)cc12,Rizatriptan
695,DB02679,N#CN,Cyanamide
696,DB00380,C[C@@H](CN1CC(=O)NC(=O)C1)N1CC(=O)NC(=O)C1,Dexrazoxane
697,DB08823,CC[C@H]1CCC[C@H](O[C@H]2CC[C@H](N(C)C)[C@@H](C)O2)[C@@H](C)C(=O)C2=C[C@@H]3[C@@H](C=C(C)[C@@H]4C[C@@H](O[C@@H]5O[C@@H](C)[C@H](OC)[C@@H](OC)[C@H]5OC)C[C@@H]34)[C@@H]2CC(=O)O1.CC[C@H]1CCC[C@H](O[C@H]2CC[C@H](N(C)C)[C@@H](C)O2)[C@@H](C)C(=O)C2=C[C@@H]3[C@@H](C=C[C@@H]4C[C@@H](O[C@@H]5O[C@@H](C)[C@H](OC)[C@@H](OC)[C@H]5OC)C[C@@H]34)[C@@H]2CC(=O)O1,Spinosad
698,DB00339,NC(=O)c1cnccn1,Pyrazinamide
699,DB01280,COc1nc(N)nc2c1ncn2[C@@H]1O[C@H](CO)[C@@H](O)[C@@H]1O,Nelarabine
700,DB00462,C[N+]1(C)[C@@H]2C[C@@H](OC(=O)[C@H](CO)c3ccccc3)C[C@H]1[C@@H]1O[C@@H]12.[Br-],Methscopolamine bromide
701,DB00601,CC(=O)NC[C@H]1CN(c2ccc(N3CCOCC3)c(F)c2)C(=O)O1,Linezolid
702,DB01097,Cc1oncc1C(=O)Nc1ccc(C(F)(F)F)cc1,Leflunomide
703,DB13943,C[C@]12CC[C@H]3[C@@H](CCC4=CC(=O)CC[C@@]43C)[C@@H]1CC[C@@H]2OC(=O)CCC1CCCC1,Testosterone cypionate
704,DB01261,N[C@@H](CC(=O)N1CCn2c(nnc2C(F)(F)F)C1)Cc1cc(F)c(F)cc1F,Sitagliptin
705,DB00924,CN(C)CCC=C1c2ccccc2C=Cc2ccccc21,Cyclobenzaprine
706,DB00235,Cc1[nH]c(=O)c(C#N)cc1-c1ccncc1,Milrinone
707,DB06196,N=C(N)NCCC[C@@H](N)C(=O)N[C@@H](CCCNC(=N)N)C(=O)N1CCC[C@H]1C(=O)N1C[C@H](O)C[C@H]1C(=O)NCC(=O)N[C@@H](Cc1cccs1)C(=O)N[C@@H](CO)C(=O)N1Cc2ccccc2C[C@@H]1C(=O)N1[C@H](C(=O)N[C@@H](CCCNC(=N)N)C(=O)O)C[C@@H]2CCCC[C@@H]21,Icatibant
708,DB00780,NNCCc1ccccc1,Phenelzine
709,DB00405,CN(C)CC[C@@H](c1ccc(Br)cc1)c1ccccn1,Dexbrompheniramine
710,DB00699,CO[C@]12C[C@@H](COC(=O)c3cncc(Br)c3)CN(C)[C@@H]1Cc1cn(C)c3cccc2c13,Nicergoline
711,DB06771,N[C@@H]1CCCCN(c2c(F)cc3c(=O)c(C(=O)O)cn(C4CC4)c3c2Cl)C1,Besifloxacin
712,DB01063,CC(=O)c1ccc2c(c1)N(CCCN1CCN(CCO)CC1)c1ccccc1S2,Acetophenazine
713,DB04847,Cc1nc(C(=O)NCC(=O)O)c(O)c2ccc(Oc3ccccc3)cc12,Roxadustat
714,DB01175,CN(C)CCC[C@@]1(c2ccc(F)cc2)OCc2cc(C#N)ccc21,Escitalopram
715,DB01043,CC12CC3CC(C)(C1)CC(N)(C3)C2,Memantine
716,DB00933,CN1CCCCC1CCN1c2ccccc2Sc2ccc(S(C)=O)cc21,Mesoridazine
717,DB11820,CC1CS(=O)(=O)CCN1/N=C/c1ccc([N+](=O)[O-])o1,Nifurtimox
718,DB01019,CC(C[N+](C)(C)C)OC(N)=O,Bethanechol
719,DB00265,CC=CC(=O)N(CC)c1ccccc1C,Crotamiton
720,DB00152,Cc1ncc(C[n+]2csc(CCO)c2C)c(N)n1,Thiamine
721,DB00609,CCc1cc(C(N)=S)ccn1,Ethionamide
722,DB08865,C[C@@H](Oc1cc(-c2cnn(C3CCNCC3)c2)cnc1N)c1c(Cl)ccc(F)c1Cl,Crizotinib
723,DB01044,COc1c(N2CCNC(C)C2)c(F)cc2c(=O)c(C(=O)O)cn(C3CC3)c12,Gatifloxacin
724,DB06287,CO[C@H]1CC2CC[C@@H](C)[C@@](O)(O2)C(=O)C(=O)N2CCCC[C@H]2C(=O)O[C@H]([C@H](C)C[C@@H]2CC[C@@H](OC(=O)C(C)(CO)CO)[C@H](OC)C2)CC(=O)[C@H](C)/C=C(\C)[C@@H](O)[C@@H](OC)C(=O)[C@H](C)C[C@H](C)/C=C/C=C/C=C/1C,Temsirolimus
725,DB00255,CC/C(=C(/CC)c1ccc(O)cc1)c1ccc(O)cc1,Diethylstilbestrol
726,DB01247,Cc1cc(C(=O)NNCc2ccccc2)no1,Isocarboxazid
727,DB01201,CO[C@H]1/C=C/O[C@@]2(C)Oc3c(C)c(O)c4c(O)c(c(/C=N/N5CCN(C6CCCC6)CC5)c(O)c4c3C2=O)NC(=O)/C(C)=C\C=C\[C@H](C)[C@H](O)[C@@H](C)[C@@H](O)[C@@H](C)[C@H](OC(C)=O)[C@@H]1C,Rifapentine
728,DB01076,CC(C)c1c(C(=O)Nc2ccccc2)c(-c2ccccc2)c(-c2ccc(F)cc2)n1CC[C@@H](O)C[C@@H](O)CC(=O)O,Atorvastatin
729,DB01576,C[C@H](N)Cc1ccccc1,Dextroamphetamine
730,DB00130,NC(=O)CC[C@H](N)C(=O)O,L-Glutamine
731,DB00361,CCC1=C[C@@H]2CN(C1)Cc1c([nH]c3ccccc13)[C@@](C(=O)OC)(c1cc3c(cc1OC)N(C)[C@H]1[C@@](O)(C(=O)OC)[C@H](OC(C)=O)[C@]4(CC)C=CCN5CC[C@]31[C@@H]54)C2,Vinorelbine
732,DB06777,C[C@H](CCC(=O)O)[C@H]1CC[C@H]2[C@@H]3[C@H](O)C[C@@H]4C[C@H](O)CC[C@]4(C)[C@H]3CC[C@]12C,Chenodeoxycholic acid
733,DB00320,CN1C[C@H](C(=O)N[C@]2(C)O[C@@]3(O)[C@@H]4CCCN4C(=O)[C@H](Cc4ccccc4)N3C2=O)C[C@@H]2c3cccc4[nH]cc(c34)C[C@H]21,Dihydroergotamine
734,DB08931,COC(=O)N(C)c1c(N)nc(-c2nn(Cc3ccccc3F)c3ncccc23)nc1N,Riociguat
735,DB00674,COc1ccc2c3c1O[C@H]1C[C@@H](O)C=C[C@@]31CCN(C)C2,Galantamine
736,DB01551,COc1ccc2c3c1O[C@H]1[C@@H](O)CC[C@H]4[C@@H](C2)N(C)CC[C@@]341,Dihydrocodeine
737,DB01265,Cc1cn([C@@H]2C[C@@H](O)[C@H](CO)O2)c(=O)[nH]c1=O,Telbivudine
738,DB01623,CN1CCN(CC/C=C2/c3ccccc3Sc3ccc(S(=O)(=O)N(C)C)cc32)CC1,Thiothixene
739,DB00400,COC1=CC(=O)C[C@@H](C)[C@]12Oc1c(Cl)c(OC)cc(OC)c1C2=O,Griseofulvin
740,DB00385,CCCCC(=O)OCC(=O)[C@]1(O)Cc2c(O)c3c(c(O)c2[C@@H](O[C@H]2C[C@H](NC(=O)C(F)(F)F)[C@H](O)[C@H](C)O2)C1)C(=O)c1c(OC)cccc1C3=O,Valrubicin
741,DB08910,Nc1cccc2c1C(=O)N(C1CCC(=O)NC1=O)C2=O,Pomalidomide
742,DB09102,COC(=O)N[C@H](C(=O)N1CCC[C@H]1c1ncc(-c2ccc(-c3ccc(-c4cnc([C@@H]5CCCN5C(=O)[C@@H](NC(=O)OC)C(C)C)[nH]4)cc3)cc2)[nH]1)C(C)C,Daclatasvir
743,DB06712,COC(=O)C1=C(C#N)NC(C)=C(C(=O)OC(C)C)C1c1cccc([N+](=O)[O-])c1,Nilvadipine
744,DB08822,CCOc1nc2cccc(C(=O)OCc3oc(=O)oc3C)c2n1Cc1ccc(-c2ccccc2-c2noc(=O)[nH]2)cc1,Azilsartan medoxomil
745,DB06813,C#CCC(Cc1cnc2nc(N)nc(N)c2n1)c1ccc(C(=O)N[C@@H](CCC(=O)O)C(=O)O)cc1,Pralatrexate
746,DB01166,O=C1CCc2cc(OCCCCc3nnnn3C3CCCCC3)ccc2N1,Cilostazol
747,DB00659,CC(=O)NCCCS(=O)(=O)O,Acamprosate
748,DB06718,C[C@]12Cc3c[nH]nc3C[C@@H]1CC[C@@H]1[C@@H]2CC[C@@]2(C)[C@H]1CC[C@]2(C)O,Stanozolol
749,DB00888,CN(CCCl)CCCl,Mechlorethamine
750,DB00697,Clc1ccc2nsnc2c1NC1=NCCN1,Tizanidine
751,DB08897,O=C(O[C@H]1C[N+]2(CCCOc3ccccc3)CCC1CC2)C(O)(c1cccs1)c1cccs1,Aclidinium
752,DB01589,Fc1ccccc1C1=NCC(=S)N(CC(F)(F)F)c2ccc(Cl)cc21,Quazepam
753,DB11574,COC(=O)N[C@H](C(=O)N1CCC[C@H]1c1ncc(-c2ccc3c(c2)O[C@@H](c2ccccc2)n2c-3cc3cc(-c4cnc([C@@H]5CCCN5C(=O)[C@@H](NC(=O)OC)C(C)C)[nH]4)ccc32)[nH]1)C(C)C,Elbasvir
754,DB00141,CC(=O)N[C@@H](C=O)[C@@H](O)[C@H](O)[C@H](O)CO,N-Acetylglucosamine
755,DB00431,Cl[C@H]1[C@H](Cl)[C@@H](Cl)[C@@H](Cl)[C@H](Cl)[C@H]1Cl,Lindane
756,DB00477,CN(C)CCCN1c2ccccc2Sc2ccc(Cl)cc21,Chlorpromazine
757,DB08908,COC(=O)/C=C/C(=O)OC,Dimethyl fumarate
758,DB00839,Cc1ccc(S(=O)(=O)NC(=O)NN2CCCCCC2)cc1,Tolazamide
759,DB00740,Nc1nc2ccc(OC(F)(F)F)cc2s1,Riluzole
760,DB04930,CC1(C)C(C=C(Cl)Cl)C1C(=O)OCc1cccc(Oc2ccccc2)c1,Permethrin
761,DB00491,OCCN1C[C@H](O)[C@@H](O)[C@H](O)[C@H]1CO,Miglitol
762,DB00327,CN1CC[C@]23c4c5ccc(O)c4O[C@H]2C(=O)CC[C@H]3[C@H]1C5,Hydromorphone
763,DB01080,C=CC(N)CCC(=O)O,Vigabatrin
764,DB00623,OCCN1CCN(CCCN2c3ccccc3Sc3ccc(C(F)(F)F)cc32)CC1,Fluphenazine
765,DB01014,O=C(O)CCNC(=O)c1ccc(/N=N/c2ccc(O)c(C(=O)O)c2)cc1,Balsalazide
766,DB09265,CCC(C)C(C(=O)NC(CCC(=O)O)C(=O)NC(CC1=CNC2=CC=CC=C21)C(=O)NC(CC(C)C)C(=O)NC(CCCCN)C(=O)NC(CC(=O)N)C(=O)NCC(=O)NCC(=O)N3CCCC3C(=O)NC(CO)C(=O)NC(CO)C(=O)NCC(=O)NC(C)C(=O)N4CCCC4C(=O)N5CCCC5C(=O)NC(CO)C(=O)NC(CCCCN)C(=O)NC(CCCCN)C(=O)NC(CCCCN)C(=O)NC(CCCCN)C(=O)NC(CCCCN)C(=O)NC(CCCCN)C(=O)N)NC(=O)C(CC6=CC=CC=C6)NC(=O)C(CC(C)C)NC(=O)C(CCCNC(=N)N)NC(=O)C(C(C)C)NC(=O)C(C)NC(=O)C(CCC(=O)O)NC(=O)C(CCC(=O)O)NC(=O)C(CCC(=O)O)NC(=O)C(CCSC)NC(=O)C(CCC(=O)N)NC(=O)C(CCCCN)NC(=O)C(CO)NC(=O)C(CC(C)C)NC(=O)C(CC(=O)O)NC(=O)C(CO)NC(=O)C(C(C)O)NC(=O)C(CC7=CC=CC=C7)NC(=O)C(C(C)O)NC(=O)CNC(=O)C(CCC(=O)O)NC(=O)CNC(=O)C(CC8=CNC=N8)N,Lixisenatide
767,DB00211,COc1ccc(OC)c(C(O)CNC(=O)CN)c1,Midodrine
768,DB01021,NS(=O)(=O)c1cc2c(cc1Cl)NC(C(Cl)Cl)NS2(=O)=O,Trichlormethiazide
769,DB00201,Cn1c(=O)c2c(ncn2C)n(C)c1=O,Caffeine
770,DB01105,CC(C)CC(N(C)C)C1(c2ccc(Cl)cc2)CCC1,Sibutramine
771,DB00460,C=Cc1c(C)c2cc3nc(cc4[nH]c(cc5nc(cc1[nH]2)C(C)=C5CCC(=O)O)c(CCC(=O)OC)c4C)[C@@]1(C)C3=CC=C(C(=O)OC)[C@H]1C(=O)OC,Verteporfin
772,DB00232,CN1C(CCl)Nc2cc(Cl)c(S(N)(=O)=O)cc2S1(=O)=O,Methyclothiazide
773,DB00299,Nc1nc(=O)c2ncn(CCC(CO)CO)c2[nH]1,Penciclovir
774,DB00760,C[C@@H](O)[C@H]1C(=O)N2C(C(=O)O)=C(S[C@@H]3CN[C@H](C(=O)N(C)C)C3)[C@H](C)[C@H]12,Meropenem
775,DB08874,CCc1c(Cl)c(O)c(Cl)c(O)c1C(=O)O[C@H]1[C@H](O)[C@H](OC)[C@H](OC/C2=C\C=C\C[C@H](O)/C(C)=C/[C@H](CC)[C@@H](O[C@@H]3OC(C)(C)[C@@H](OC(=O)C(C)C)[C@H](O)[C@@H]3O)/C(C)=C/C(C)=C/C[C@@H]([C@@H](C)O)OC2=O)O[C@@H]1C,Fidaxomicin
776,DB00775,CCCCS(=O)(=O)N[C@@H](Cc1ccc(OCCCCC2CCNCC2)cc1)C(=O)O,Tirofiban
777,DB01214,CC(=O)Oc1c(C)cc(OCC(O)CNC(C)C)c(C)c1C,Metipranolol
778,DB04920,CCCC(=O)OCOC(=O)C1=C(C)NC(C)=C(C(=O)OC)C1c1cccc(Cl)c1Cl,Clevidipine
779,DB01198,CN1CCN(C(=O)OC2c3nccnc3C(=O)N2c2ccc(Cl)cn2)CC1,Zopiclone
780,DB00432,O=c1[nH]c(=O)n([C@H]2C[C@H](O)[C@@H](CO)O2)cc1C(F)(F)F,Trifluridine
781,DB01118,CCCCc1oc2ccccc2c1C(=O)c1cc(I)c(OCCN(CC)CC)c(I)c1,Amiodarone
782,DB06603,Cc1[nH]c2ccccc2c1CCNCc1ccc(/C=C/C(=O)NO)cc1,Panobinostat
783,DB00628,O=C(O)C1N=C(c2ccccc2)c2cc(Cl)ccc2NC1=O,Clorazepic acid
784,DB01086,CCOC(=O)c1ccc(N)cc1,Benzocaine
785,DB12243,CC1=NN(c2ccccc2)C(=O)C1,Edaravone
786,DB00379,Cc1cccc(C)c1OCC(C)N,Mexiletine
787,DB00530,C#Cc1cccc(Nc2ncnc3cc(OCCOC)c(OCCOC)cc23)c1,Erlotinib
788,DB11560,O=C(O)CSc1nnc(Br)n1-c1ccc(C2CC2)c2ccccc12,Lesinurad
789,DB01744,CC1(C)[C@@H]2CC[C@@]1(C)C(=O)C2,Camphor
790,DB08820,CC(C)(C)c1cc(C(C)(C)C)c(NC(=O)c2c[nH]c3ccccc3c2=O)cc1O,Ivacaftor
791,DB09357,CC(C)(CO)[C@@H](O)C(=O)NCCCO,Dexpanthenol
792,DB01117,O=C1C(O)=C([C@H]2CC[C@H](c3ccc(Cl)cc3)CC2)C(=O)c2ccccc21,Atovaquone
793,DB00548,O=C(O)CCCCCCCC(=O)O,Azelaic acid
794,DB05013,C/C=C(/C)C(=O)O[C@H]1C(C)=C[C@]23C(=O)[C@H](C=C(CO)[C@@H](O)[C@]12O)[C@H]1[C@@H](C[C@H]3C)C1(C)C,Ingenol mebutate
795,DB00231,CN1C(=O)C(O)N=C(c2ccccc2)c2cc(Cl)ccc21,Temazepam
796,DB04942,CC1(C)CCC(C)(C)c2cc(NC(=O)c3ccc(C(=O)O)cc3)ccc21,Tamibarotene
797,DB01120,Cc1ccc(S(=O)(=O)NC(=O)NN2C[C@H]3CCC[C@H]3C2)cc1,Gliclazide
798,DB01377,[Mg+2].[O-2],Magnesium oxide
799,DB00848,c1ccc([C@H]2CN3CCSC3=N2)cc1,Levamisole
800,DB08889,CC(C)C[C@H](NC(=O)[C@H](CCc1ccccc1)NC(=O)CN1CCOCC1)C(=O)N[C@@H](Cc1ccccc1)C(=O)N[C@@H](CC(C)C)C(=O)[C@@]1(C)CO1,Carfilzomib
801,DB00284,C[C@H]1O[C@H](O[C@H]2[C@H](O)[C@@H](O)[C@@H](O[C@@H]([C@H](O)[C@@H](O)C=O)[C@H](O)CO)O[C@@H]2CO)[C@H](O)[C@@H](O)[C@@H]1N[C@H]1C=C(CO)[C@@H](O)[C@H](O)[C@H]1O,Acarbose
802,DB00669,CNS(=O)(=O)Cc1ccc2[nH]cc(CCN(C)C)c2c1,Sumatriptan
803,DB06413,NC(=O)C[S@@](=O)C(c1ccccc1)c1ccccc1,Armodafinil
804,DB00349,CN1C(=O)CC(=O)N(c2ccccc2)c2cc(Cl)ccc21,Clobazam
805,DB09063,Cc1cc(Nc2ncc(Cl)c(Nc3ccccc3S(=O)(=O)C(C)C)n2)c(OC(C)C)cc1C1CCNCC1,Ceritinib
806,DB11092,F[Sn]F,Stannous fluoride
807,DB00990,C=C1C[C@@H]2[C@H](CC[C@]3(C)C(=O)CC[C@@H]23)[C@@]2(C)C=CC(=O)C=C12,Exemestane
808,DB00104,CC(C1C(=O)NC(CSSCC(C(=O)NC(C(=O)NC(C(=O)NC(C(=O)N1)CCCCN)CC2=CNC3=CC=CC=C32)CC4=CC=CC=C4)NC(=O)C(CC5=CC=CC=C5)N)C(=O)NC(CO)C(C)O)O,Octreotide
809,DB00459,COc1cc(C)c(/C=C/C(C)=C/C=C/C(C)=C/C(=O)O)c(C)c1C,Acitretin
810,DB06637,Nc1ccncc1,Dalfampridine
811,DB01143,NCCCNCCSP(=O)(O)O,Amifostine
812,DB01085,CC[C@@H]1C(=O)OC[C@@H]1Cc1cncn1C,Pilocarpine
813,DB09232,COCCOC(=O)C1=C(C)NC(C)=C(C(=O)OC/C=C/c2ccccc2)C1c1cccc([N+](=O)[O-])c1,Cilnidipine
814,DB06212,Cc1ccccc1C(=O)Nc1ccc(C(=O)N2CCC[C@@H](O)c3cc(Cl)ccc32)c(C)c1,Tolvaptan
815,DB00158,Nc1nc(=O)c2nc(CNc3ccc(C(=O)N[C@@H](CCC(=O)O)C(=O)O)cc3)cnc2[nH]1,Folic acid
816,DB06724,O=C([O-])[O-].[Ca+2],Calcium carbonate
817,DB00363,CN1CCN(C2=Nc3cc(Cl)ccc3Nc3ccccc32)CC1,Clozapine
818,DB13156,CC(=O)Nc1ccc(C(=O)O)cc1.CC(=O)Nc1ccc(C(=O)O)cc1.CC(=O)Nc1ccc(C(=O)O)cc1.C[C@@H](O)CN(C)C.C[C@@H](O)CN(C)C.C[C@@H](O)CN(C)C.O=c1[nH]cnc2c1ncn2[C@@H]1O[C@H](CO)[C@@H](O)[C@H]1O,Inosine pranobex
819,DB01216,CC(C)(C)NC(=O)[C@H]1CC[C@H]2[C@@H]3CC[C@H]4NC(=O)C=C[C@]4(C)[C@H]3CC[C@]12C,Finasteride
820,DB13997,COC(=O)OCOc1c2n(ccc1=O)N([C@@H]1c3ccccc3SCc3c1ccc(F)c3F)[C@@H]1COCCN1C2=O,Baloxavir marboxil
821,DB08828,CS(=O)(=O)c1ccc(C(=O)Nc2ccc(Cl)c(-c3ccccn3)c2)c(Cl)c1,Vismodegib
822,DB01011,CC(C)(C(=O)c1cccnc1)c1cccnc1,Metyrapone
823,DB01075,CN(C)CCOC(c1ccccc1)c1ccccc1,Diphenhydramine
824,DB04865,COC(=O)C[C@](O)(CCCC(C)(C)O)C(=O)O[C@@H]1C(OC)=C[C@]23CCCN2CCc2cc4c(cc2[C@H]13)OCO4,Omacetaxine mepesuccinate
825,DB00461,COc1ccc2cc(CCC(C)=O)ccc2c1,Nabumetone
826,DB00131,Nc1ncnc2c1ncn2[C@@H]1O[C@H](COP(=O)(O)O)[C@@H](O)[C@H]1O,Adenosine phosphate
827,DB00912,CCOc1cc(CC(=O)N[C@@H](CC(C)C)c2ccccc2N2CCCCC2)ccc1C(=O)O,Repaglinide
828,DB00464,CCCCC(CC)CCC(CC(C)C)OS(=O)(=O)[O-].[Na+],Sodium tetradecyl sulfate
829,DB01077,CC(O)(P(=O)(O)O)P(=O)(O)O,Etidronic acid
830,DB00233,Nc1ccc(C(=O)O)c(O)c1,Aminosalicylic acid
831,DB00489,CC(C)NCC(O)c1ccc(NS(C)(=O)=O)cc1,Sotalol
832,DB12245,CSc1nc2cc(Oc3cccc(Cl)c3Cl)c(Cl)cc2[nH]1,Triclabendazole
833,DB13207,N=C(N)NCCC[C@H](N)C(=O)O.N[C@@H](CCC(=O)O)C(=O)O,Arginine glutamate
834,DB00371,CCCC(C)(COC(N)=O)COC(N)=O,Meprobamate
835,DB09065,CC(C)c1nc(CN(C)C(=O)N[C@@H](CCN2CCOCC2)C(=O)N[C@H](CC[C@H](Cc2ccccc2)NC(=O)OCc2cncs2)Cc2ccccc2)cs1,Cobicistat
836,DB09017,Cc1nnc2n1-c1sc(Br)cc1C(c1ccccc1Cl)=NC2,Brotizolam
837,DB05219,N#Cc1ccc(Oc2ccc3c(c2)COB3O)cc1,Crisaborole
838,DB09229,COC(=O)C1=C(C)NC(C)=C(C(=O)OCC(C)=O)C1c1ccccc1[N+](=O)[O-],Aranidipine
839,DB00558,CC(=O)N[C@H]1[C@H]([C@H](O)[C@H](O)CO)OC(C(=O)O)=C[C@@H]1N=C(N)N,Zanamivir
840,DB00831,CN1CCN(CCCN2c3ccccc3Sc3ccc(C(F)(F)F)cc32)CC1,Trifluoperazine
841,DB01545,CCOC(=O)C1N=C(c2ccccc2F)c2cc(Cl)ccc2NC1=O,Ethyl loflazepate
842,DB00370,CN1CCN2c3ncccc3Cc3ccccc3C2C1,Mirtazapine
843,DB01195,O=C(NCC1CCCCN1)c1cc(OCC(F)(F)F)ccc1OCC(F)(F)F,Flecainide
844,DB01228,COc1ccc(C(=O)Nc2ccccc2CCC2CCCCN2C)cc1,Encainide
845,DB00640,Nc1ncnc2c1ncn2[C@@H]1O[C@H](CO)[C@@H](O)[C@H]1O,Adenosine
846,DB00698,O=C1CN(/N=C/c2ccc([N+](=O)[O-])o2)C(=O)N1,Nitrofurantoin
847,DB00499,CC(C)C(=O)Nc1ccc([N+](=O)[O-])c(C(F)(F)F)c1,Flutamide
848,DB06210,CC1=NN(c2ccc(C)c(C)c2)C(=O)/C1=N\Nc1cccc(-c2cccc(C(=O)O)c2)c1O,Eltrombopag
849,DB00067,NC(=O)CCC1NC(=O)C(Cc2ccccc2)NC(=O)C(Cc2ccc(O)cc2)NC(=O)C(N)CSSCC(C(=O)N2CCCC2C(=O)NC(CCCN=C(N)N)C(=O)NCC(N)=O)NC(=O)C(CC(N)=O)NC1=O.NCCCCC(NC(=O)C1CCCN1C(=O)C1CSSCC(N)C(=O)NC(Cc2ccc(O)cc2)C(=O)NC(Cc2ccccc2)C(=O)NC(CCC(N)=O)C(=O)NC(CC(N)=O)C(=O)N1)C(=O)NCC(N)=O,Vasopressin
850,DB08934,CC(C)OC(=O)[C@H](C)N[P@](=O)(OC[C@H]1O[C@@H](n2ccc(=O)[nH]c2=O)[C@](C)(F)[C@@H]1O)Oc1ccccc1,Sofosbuvir
851,DB01579,C[C@H]1[C@H](c2ccccc2)OCCN1C,Phendimetrazine
852,DB01260,CC1(C)O[C@@H]2C[C@H]3[C@@H]4CCC5=CC(=O)C=C[C@]5(C)[C@H]4[C@@H](O)C[C@]3(C)[C@]2(C(=O)CO)O1,Desonide
853,DB04878,OCC(CO)N[C@H]1C[C@](O)(CO)[C@@H](O)[C@H](O)[C@H]1O,Voglibose
854,DB09031,CCCCCCCCCCCCCCCCOP(=O)([O-])OCC[N+](C)(C)C,Miltefosine
855,DB06605,COc1ccc(-n2nc(C(N)=O)c3c2C(=O)N(c2ccc(N4CCCCC4=O)cc2)CC3)cc1,Apixaban
856,DB00672,CCCNC(=O)NS(=O)(=O)c1ccc(Cl)cc1,Chlorpropamide
857,DB01200,CC(C)C[C@H]1C(=O)N2CCC[C@H]2[C@]2(O)O[C@](NC(=O)[C@@H]3C=C4c5cccc6[nH]c(Br)c(c56)C[C@H]4N(C)C3)(C(C)C)C(=O)N12,Bromocriptine
858,DB00378,CC(=O)[C@H]1CC[C@H]2[C@@H]3C=CC4=CC(=O)CC[C@@]4(C)[C@@H]3CC[C@]12C,Dydrogesterone
859,DB09183,COc1c(-c2ccc3cc(NS(C)(=O)=O)ccc3c2)cc(-n2ccc(=O)[nH]c2=O)cc1C(C)(C)C,Dasabuvir
860,DB01393,CC(C)(Oc1ccc(CCNC(=O)c2ccc(Cl)cc2)cc1)C(=O)O,Bezafibrate
861,DB01157,COc1cc(NCc2ccc3nc(N)nc(N)c3c2C)cc(OC)c1OC,Trimetrexate
862,DB00278,CC1CNc2c(cccc2S(=O)(=O)N[C@@H](CCCNC(=N)N)C(=O)N2CC[C@@H](C)C[C@@H]2C(=O)O)C1,Argatroban
863,DB00503,CC(C)c1nc(CN(C)C(=O)N[C@H](C(=O)N[C@@H](Cc2ccccc2)C[C@H](O)[C@H](Cc2ccccc2)NC(=O)OCc2cncs2)C(C)C)cs1,Ritonavir
864,DB01440,O=C(O)CCCO,gamma-Hydroxybutyric acid
865,DB01132,CCc1ccc(CCOc2ccc(CC3SC(=O)NC3=O)cc2)nc1,Pioglitazone
866,DB00143,N[C@@H](CCC(=O)N[C@@H](CS)C(=O)NCC(=O)O)C(=O)O,Glutathione
867,DB00159,CC/C=C\C/C=C\C/C=C\C/C=C\C/C=C\CCCC(=O)O,Icosapent
868,DB00608,CCN(CC)CCCC(C)Nc1ccnc2cc(Cl)ccc12,Chloroquine
869,DB09042,Cn1nnc(-c2ccc(-c3ccc(N4C[C@H](COP(=O)(O)O)OC4=O)cc3F)cn2)n1,Tedizolid phosphate
870,DB00166,O=C(O)CCCC[C@@H]1CCSS1,Lipoic acid
871,DB01356,[Li+],Lithium cation
872,DB01220,CO[C@H]1/C=C/O[C@@]2(C)Oc3c(C)c(O)c4c(O)c(c5c(nc6cc(C)ccn65)c4c3C2=O)NC(=O)/C(C)=C\C=C\[C@H](C)[C@H](O)[C@@H](C)[C@@H](O)[C@@H](C)[C@H](OC(C)=O)[C@@H]1C,Rifaximin
873,DB00470,CCCCCc1cc(O)c2c(c1)OC(C)(C)[C@@H]1CCC(C)=C[C@@H]21,Dronabinol
874,DB00222,CCC1=C(C)CN(C(=O)NCCc2ccc(S(=O)(=O)NC(=O)N[C@H]3CC[C@H](C)CC3)cc2)C1=O,Glimepiride
875,DB00435,[N]=O,Nitric Oxide
876,DB00995,CC[P+](CC)(CC)[Au-]S[C@@H]1O[C@H](COC(C)=O)[C@@H](OC(C)=O)[C@H](OC(C)=O)[C@H]1OC(C)=O,Auranofin
877,DB01124,CCCCNC(=O)NS(=O)(=O)c1ccc(C)cc1,Tolbutamide
878,DB11431,CO/N=C1\C[C@]2(C[C@@H]3C[C@@H](C/C=C(\C)C[C@@H](C)/C=C/C=C4\CO[C@@H]5[C@H](O)C(C)=C[C@@H](C(=O)O3)[C@]45O)O2)O[C@H](/C(C)=C/C(C)C)[C@H]1C,Moxidectin
879,DB00465,O=C(c1ccccc1)c1ccc2n1CCC2C(=O)O,Ketorolac
880,DB00390,C[C@H]1O[C@@H](O[C@H]2[C@@H](O)C[C@H](O[C@H]3[C@@H](O)C[C@H](O[C@H]4CC[C@@]5(C)[C@H](CC[C@@H]6[C@@H]5C[C@@H](O)[C@]5(C)[C@@H](C7=CC(=O)OC7)CC[C@]65O)C4)O[C@@H]3C)O[C@@H]2C)C[C@H](O)[C@@H]1O,Digoxin
881,DB06803,O=C(Nc1ccc([N+](=O)[O-])cc1Cl)c1cc(Cl)ccc1O,Niclosamide
882,DB11575,C=C[C@@H]1C[C@]1(NC(=O)[C@@H]1C[C@@H]2CN1C(=O)[C@H](C(C)(C)C)NC(=O)O[C@@H]1C[C@H]1CCCCCc1nc3ccc(OC)cc3nc1O2)C(=O)NS(=O)(=O)C1CC1,Grazoprevir
883,DB00151,N[C@@H](CS)C(=O)O,Cysteine
884,DB09272,COc1ccc(CN(C(=O)[C@@H](N)Cc2c(C)cc(C(N)=O)cc2C)[C@@H](C)c2nc(-c3ccccc3)c[nH]2)cc1C(=O)O,Eluxadoline
885,DB00897,Cc1nnc2n1-c1ccc(Cl)cc1C(c1ccccc1Cl)=NC2,Triazolam
886,DB00649,Cc1cn([C@H]2C=C[C@@H](CO)O2)c(=O)[nH]c1=O,Stavudine
887,DB01612,CCCCCON=O,Amyl Nitrite
888,DB00879,N=c1nc(O)n([C@@H]2CS[C@H](CO)O2)cc1F,Emtricitabine
889,DB00642,Nc1nc(=O)c2c(CCc3ccc(C(=O)N[C@@H](CCC(=O)O)C(=O)O)cc3)c[nH]c2[nH]1,Pemetrexed
890,DB01677,O=C(O)/C=C/C(=O)O,Fumaric acid
891,DB00947,C[C@]12CC[C@@H]3c4ccc(O)cc4C[C@@H](CCCCCCCCCS(=O)CCCC(F)(F)C(F)(F)F)[C@H]3[C@@H]1CC[C@@H]2O,Fulvestrant
892,DB00216,CN1CCC[C@@H]1Cc1c[nH]c2ccc(CCS(=O)(=O)c3ccccc3)cc12,Eletriptan
893,DB01182,CCCNCC(O)COc1ccccc1C(=O)CCc1ccccc1,Propafenone
