ID,Drug,Name,SMILES
0,DB00014,Goserelin,CC(C)C[C@H](NC(=O)[C@@H](COC(C)(C)C)NC(=O)[C@H](Cc1ccc(O)cc1)NC(=O)[C@H](CO)NC(=O)[C@H](Cc1c[nH]c2ccccc12)NC(=O)[C@H](Cc1cnc[nH]1)NC(=O)[C@@H]1CCC(=O)N1)C(=O)N[C@@H](CCCN=C(N)N)C(=O)N1CCC[C@H]1C(=O)NNC(N)=O
1,DB00035,Desmopressin,N=C(N)NCCC[C@@H](NC(=O)[C@@H]1CCCN1C(=O)[C@@H]1CSSCCC(=O)N[C@@H](Cc2ccc(O)cc2)C(=O)N[C@@H](Cc2ccccc2)C(=O)N[C@@H](CCC(N)=O)C(=O)N[C@@H](CC(N)=O)C(=O)N1)C(=O)NCC(N)=O
2,DB00091,Cyclosporine,C/C=C/C[C@@H](C)[C@@H](O)[C@H]1C(=O)N[C@@H](CC)C(=O)N(C)CC(=O)N(C)[C@@H](CC(C)C)C(=O)N[C@@H](C(C)C)C(=O)N(C)[C@@H](CC(C)C)C(=O)N[C@@H](C)C(=O)N[C@H](C)C(=O)N(C)[C@@H](CC(C)C)C(=O)N(C)[C@@H](CC(C)C)C(=O)N(C)[C@@H](C(C)C)C(=O)N1C
3,DB00104,Octreotide,CC(C1C(=O)NC(CSSCC(C(=O)NC(C(=O)NC(C(=O)NC(C(=O)N1)CCCCN)CC2=CNC3=CC=CC=C32)CC4=CC=CC=C4)NC(=O)C(CC5=CC=CC=C5)N)C(=O)NC(CO)C(C)O)O
4,DB00115,Cyanocobalamin,C/C1=C2/N=C(/C=C3\N=C(/C(C)=C4/[C@@H](CCC(N)=O)[C@](C)(CC(N)=O)[C@](C)([C@@H]5N=C1[C@](C)(CCC(=O)NC[C@@H](C)OP(=O)([O-])O[C@H]1[C@@H](O)[C@@H](n6cnc7cc(C)c(C)cc76)O[C@@H]1CO)[C@H]5CC(N)=O)N4[Co+]C#N)[C@@](C)(CC(N)=O)[C@@H]3CCC(N)=O)C(C)(C)[C@@H]2CCC(N)=O
5,DB00122,Choline,C[N+](C)(C)CCO
6,DB00125,Arginine,N=C(N)NCCC[C@H](N)C(=O)O
7,DB00126,Ascorbic acid,O=C1O[C@H]([C@@H](O)CO)C(O)=C1O
8,DB00131,Adenosine phosphate,Nc1ncnc2c1ncn2[C@@H]1O[C@H](COP(=O)(O)O)[C@@H](O)[C@H]1O
9,DB00136,Calcitriol,C=C1/C(=C\C=C2/CCC[C@]3(C)[C@@H]([C@H](C)CCCC(C)(C)O)CC[C@@H]23)C[C@@H](O)C[C@@H]1O
10,DB00140,Riboflavin,Cc1cc2nc3c(=O)[nH]c(=O)nc-3n(C[C@H](O)[C@H](O)[C@H](O)CO)c2cc1C
11,DB00141,N-Acetylglucosamine,CC(=O)N[C@@H](C=O)[C@@H](O)[C@H](O)[C@H](O)CO
12,DB00146,Calcifediol,C=C1CC[C@H](O)C/C1=C/C=C1\CCC[C@]2(C)[C@@H]([C@H](C)CCCC(C)(C)O)CC[C@@H]12
13,DB00152,Thiamine,Cc1ncc(C[n+]2csc(CCO)c2C)c(N)n1
14,DB00153,Ergocalciferol,C=C1CC[C@H](O)C/C1=C/C=C1\CCC[C@]2(C)[C@@H]([C@H](C)/C=C/[C@H](C)C(C)C)CC[C@@H]12
15,DB00158,Folic acid,Nc1nc(=O)c2nc(CNc3ccc(C(=O)N[C@@H](CCC(=O)O)C(=O)O)cc3)cnc2[nH]1
16,DB00159,Icosapent,CC/C=C\C/C=C\C/C=C\C/C=C\C/C=C\CCCC(=O)O
17,DB00160,Alanine,C[C@H](N)C(=O)O
18,DB00162,Vitamin A,CC1=C(/C=C/C(C)=C/C=C/C(C)=C/CO)C(C)(C)CCC1
19,DB00163,Vitamin E,Cc1c(C)c2c(c(C)c1O)CC[C@@](C)(CCC[C@H](C)CCC[C@H](C)CCCC(C)C)O2
20,DB00165,Pyridoxine,Cc1ncc(CO)c(CO)c1O
21,DB00167,Isoleucine,CC[C@H](C)[C@H](N)C(=O)O
22,DB00169,Cholecalciferol,C=C1CC[C@H](O)C/C1=C/C=C1\CCC[C@]2(C)[C@@H]([C@H](C)CCCC(C)C)CC[C@@H]12
23,DB00175,Pravastatin,CC[C@H](C)C(=O)O[C@H]1C[C@H](O)C=C2C=C[C@H](C)[C@H](CC[C@@H](O)C[C@@H](O)CC(=O)O)[C@H]21
24,DB00176,Fluvoxamine,COCCCC/C(=N\OCCN)c1ccc(C(F)(F)F)cc1
25,DB00177,Valsartan,CCCCC(=O)N(Cc1ccc(-c2ccccc2-c2nn[nH]n2)cc1)[C@H](C(=O)O)C(C)C
26,DB00178,Ramipril,CCOC(=O)[C@H](CCc1ccccc1)N[C@@H](C)C(=O)N1[C@H](C(=O)O)C[C@@H]2CCC[C@@H]21
27,DB00179,Masoprocol,C[C@H](Cc1ccc(O)c(O)c1)[C@@H](C)Cc1ccc(O)c(O)c1
28,DB00180,Flunisolide,CC1(C)O[C@@H]2C[C@H]3[C@@H]4C[C@H](F)C5=CC(=O)C=C[C@]5(C)[C@H]4[C@@H](O)C[C@]3(C)[C@]2(C(=O)CO)O1
29,DB00181,Baclofen,NCC(CC(=O)O)c1ccc(Cl)cc1
30,DB00182,Amphetamine,CC(N)Cc1ccccc1
31,DB00186,Lorazepam,O=C1Nc2ccc(Cl)cc2C(c2ccccc2Cl)=NC1O
32,DB00187,Esmolol,COC(=O)CCc1ccc(OCC(O)CNC(C)C)cc1
33,DB00188,Bortezomib,CC(C)C[C@H](NC(=O)[C@H](Cc1ccccc1)NC(=O)c1cnccn1)B(O)O
34,DB00190,Carbidopa,C[C@@](Cc1ccc(O)c(O)c1)(NN)C(=O)O
35,DB00191,Phentermine,CC(C)(N)Cc1ccccc1
36,DB00193,Tramadol,COc1cccc(C2(O)CCCCC2CN(C)C)c1
37,DB00195,Betaxolol,CC(C)NCC(O)COc1ccc(CCOCC2CC2)cc1
38,DB00199,Erythromycin,CC[C@H]1OC(=O)[C@H](C)[C@@H](O[C@H]2C[C@@](C)(OC)[C@@H](O)[C@H](C)O2)[C@H](C)[C@@H](O[C@@H]2O[C@H](C)C[C@H](N(C)C)[C@H]2O)[C@](C)(O)C[C@@H](C)C(=O)[C@H](C)[C@@H](O)[C@]1(C)O
39,DB00200,Hydroxocobalamin,CC1=C2N3[C@@H]4[C@H](CC(N)=O)[C@@]2(C)CCC(=O)NC[C@@H](C)OP(=O)([O-])O[C@H]2[C@@H](O)[C@H](O[C@@H]2CO)n2c[n+](c5cc(C)c(C)cc52)[Co-3]325(O)[N+]3=C1[C@@H](CCC(N)=O)C(C)(C)C3=CC1=[N+]2C(=C(C)C2=[N+]5[C@]4(C)[C@@](C)(CC(N)=O)[C@@H]2CCC(N)=O)[C@@](C)(CC(N)=O)[C@@H]1CCC(N)=O
40,DB00201,Caffeine,Cn1c(=O)c2c(ncn2C)n(C)c1=O
41,DB00203,Sildenafil,CCCc1nn(C)c2c(=O)[nH]c(-c3cc(S(=O)(=O)N4CCN(C)CC4)ccc3OCC)nc12
42,DB00204,Dofetilide,CN(CCOc1ccc(NS(C)(=O)=O)cc1)CCc1ccc(NS(C)(=O)=O)cc1
43,DB00206,Reserpine,COC(=O)[C@H]1[C@H]2C[C@@H]3c4[nH]c5cc(OC)ccc5c4CCN3C[C@H]2C[C@@H](OC(=O)c2cc(OC)c(OC)c(OC)c2)[C@@H]1OC
44,DB00208,Ticlopidine,Clc1ccccc1CN1CCc2sccc2C1
45,DB00210,Adapalene,COc1ccc(-c2ccc3cc(C(=O)O)ccc3c2)cc1C12CC3CC(CC(C3)C1)C2
46,DB00211,Midodrine,COc1ccc(OC)c(C(O)CNC(=O)CN)c1
47,DB00213,Pantoprazole,COc1ccnc(CS(=O)c2nc3ccc(OC(F)F)cc3[nH]2)c1OC
48,DB00214,Torasemide,Cc1cccc(Nc2ccncc2S(=O)(=O)NC(=O)NC(C)C)c1
49,DB00215,Citalopram,CN(C)CCCC1(c2ccc(F)cc2)OCc2cc(C#N)ccc21
50,DB00216,Eletriptan,CN1CCC[C@@H]1Cc1c[nH]c2ccc(CCS(=O)(=O)c3ccccc3)cc12
51,DB00218,Moxifloxacin,COc1c(N2C[C@@H]3CCCN[C@@H]3C2)c(F)cc2c(=O)c(C(=O)O)cn(C3CC3)c12
52,DB00221,Isoetharine,CCC(NC(C)C)C(O)c1ccc(O)c(O)c1
53,DB00222,Glimepiride,CCC1=C(C)CN(C(=O)NCCc2ccc(S(=O)(=O)NC(=O)N[C@H]3CC[C@H](C)CC3)cc2)C1=O
54,DB00226,Guanadrel,NC(N)=NCC1COC2(CCCCC2)O1
55,DB00227,Lovastatin,CC[C@H](C)C(=O)O[C@H]1C[C@@H](C)C=C2C=C[C@H](C)[C@H](CC[C@@H]3C[C@@H](O)CC(=O)O3)[C@H]21
56,DB00230,Pregabalin,CC(C)C[C@H](CN)CC(=O)O
57,DB00232,Methyclothiazide,CN1C(CCl)Nc2cc(Cl)c(S(N)(=O)=O)cc2S1(=O)=O
58,DB00236,Pipobroman,O=C(CCBr)N1CCN(C(=O)CCBr)CC1
59,DB00240,Alclometasone,C[C@@H]1C[C@H]2[C@H]3[C@H]([C@@H](O)C[C@]2(C)[C@@]1(O)C(=O)CO)[C@@]1(C)C=CC(=O)C=C1C[C@H]3Cl
60,DB00241,Butalbital,C=CCC1(CC(C)C)C(=O)NC(=O)NC1=O
61,DB00242,Cladribine,Nc1nc(Cl)nc2c1ncn2[C@H]1C[C@H](O)[C@@H](CO)O1
62,DB00244,Mesalazine,Nc1ccc(O)c(C(=O)O)c1
63,DB00245,Benzatropine,CN1[C@@H]2CC[C@H]1C[C@@H](OC(c1ccccc1)c1ccccc1)C2
64,DB00246,Ziprasidone,O=C1Cc2cc(CCN3CCN(c4nsc5ccccc45)CC3)c(Cl)cc2N1
65,DB00248,Cabergoline,C=CCN1C[C@H](C(=O)N(CCCN(C)C)C(=O)NCC)C[C@@H]2c3cccc4[nH]cc(c34)C[C@H]21
66,DB00252,Phenytoin,O=C1NC(=O)C(c2ccccc2)(c2ccccc2)N1
67,DB00253,Medrysone,CC(=O)[C@H]1CC[C@H]2[C@@H]3C[C@H](C)C4=CC(=O)CC[C@]4(C)[C@H]3[C@@H](O)C[C@]12C
68,DB00255,Diethylstilbestrol,CC/C(=C(/CC)c1ccc(O)cc1)c1ccc(O)cc1
69,DB00257,Clotrimazole,Clc1ccccc1C(c1ccccc1)(c1ccccc1)n1ccnc1
70,DB00262,Carmustine,O=NN(CCCl)C(=O)NCCCl
71,DB00264,Metoprolol,COCCc1ccc(OCC(O)CNC(C)C)cc1
72,DB00268,Ropinirole,CCCN(CCC)CCc1cccc2c1CC(=O)N2
73,DB00270,Isradipine,COC(=O)C1=C(C)NC(C)=C(C(=O)OC(C)C)C1c1cccc2nonc12
74,DB00271,Diatrizoate,CC(=O)Nc1c(I)c(NC(C)=O)c(I)c(C(=O)O)c1I
75,DB00273,Topiramate,CC1(C)O[C@@H]2[C@@H](CO[C@@]3(COS(N)(=O)=O)OC(C)(C)O[C@@H]23)O1
76,DB00275,Olmesartan,CCCc1nc(C(C)(C)O)c(C(=O)O)n1Cc1ccc(-c2ccccc2-c2nnn[nH]2)cc1
77,DB00276,Amsacrine,COc1cc(NS(C)(=O)=O)ccc1Nc1c2ccccc2nc2ccccc12
78,DB00277,Theophylline,Cn1c(=O)c2[nH]cnc2n(C)c1=O
79,DB00278,Argatroban,CC1CNc2c(cccc2S(=O)(=O)N[C@@H](CCCNC(=N)N)C(=O)N2CC[C@@H](C)C[C@@H]2C(=O)O)C1
80,DB00279,Liothyronine,N[C@@H](Cc1cc(I)c(Oc2ccc(O)c(I)c2)c(I)c1)C(=O)O
81,DB00280,Disopyramide,CC(C)N(CCC(C(N)=O)(c1ccccc1)c1ccccn1)C(C)C
82,DB00281,Lidocaine,CCN(CC)CC(=O)Nc1c(C)cccc1C
83,DB00282,Pamidronic acid,NCCC(O)(P(=O)(O)O)P(=O)(O)O
84,DB00283,Clemastine,CN1CCC[C@@H]1CCO[C@](C)(c1ccccc1)c1ccc(Cl)cc1
85,DB00284,Acarbose,C[C@H]1O[C@H](O[C@H]2[C@H](O)[C@@H](O)[C@@H](O[C@@H]([C@H](O)[C@@H](O)C=O)[C@H](O)CO)O[C@@H]2CO)[C@H](O)[C@@H](O)[C@@H]1N[C@H]1C=C(CO)[C@@H](O)[C@H](O)[C@H]1O
86,DB00285,Venlafaxine,COc1ccc(C(CN(C)C)C2(O)CCCCC2)cc1
87,DB00286,Conjugated estrogens,CC12CCC3C(=CCC4=C3C=CC(=C4)OS(=O)(=O)[O-])C1CCC2=O.[Na+]
88,DB00287,Travoprost,CC(C)OC(=O)CCC/C=C\C[C@@H]1[C@@H](/C=C/[C@@H](O)COc2cccc(C(F)(F)F)c2)[C@H](O)C[C@@H]1O
89,DB00289,Atomoxetine,CNCC[C@@H](Oc1ccccc1C)c1ccccc1
90,DB00290,Bleomycin,Cc1c(N)nc([C@H](CC(N)=O)NC[C@H](N)C(N)=O)nc1C(=O)N[C@H](C(=O)N[C@H](C)[C@@H](O)[C@H](C)C(=O)N[C@H](C(=O)NCCc1nc(-c2nc(C(=O)NCCC[S+](C)C)cs2)cs1)[C@@H](C)O)[C@@H](OC1OC(CO)C(O)C(O)C1OC1OC(CO)C(O)C(OC(N)=O)C1O)c1c[nH]cn1
91,DB00295,Morphine,CN1CC[C@]23c4c5ccc(O)c4O[C@H]2[C@@H](O)C=C[C@H]3[C@H]1C5
92,DB00297,Bupivacaine,CCCCN1CCCCC1C(=O)Nc1c(C)cccc1C
93,DB00302,Tranexamic acid,NC[C@H]1CC[C@H](C(=O)O)CC1
94,DB00304,Desogestrel,C#C[C@]1(O)CC[C@H]2[C@@H]3CCC4=CCCC[C@@H]4[C@H]3C(=C)C[C@@]21CC
95,DB00305,Mitomycin,CO[C@@]12[C@H](COC(N)=O)C3=C(C(=O)C(C)=C(N)C3=O)N1C[C@@H]1N[C@@H]12
96,DB00307,Bexarotene,C=C(c1ccc(C(=O)O)cc1)c1cc2c(cc1C)C(C)(C)CCC2(C)C
97,DB00308,Ibutilide,CCCCCCCN(CC)CCCC(O)c1ccc(NS(C)(=O)=O)cc1
98,DB00310,Chlorthalidone,NS(=O)(=O)c1cc(C2(O)NC(=O)c3ccccc32)ccc1Cl
99,DB00313,Valproic acid,CCCC(CCC)C(=O)O
100,DB00315,Zolmitriptan,CN(C)CCc1c[nH]c2ccc(C[C@H]3COC(=O)N3)cc12
101,DB00316,Acetaminophen,CC(=O)Nc1ccc(O)cc1
102,DB00318,Codeine,COc1ccc2c3c1O[C@H]1[C@@H](O)C=C[C@H]4[C@@H](C2)N(C)CC[C@@]341
103,DB00320,Dihydroergotamine,CN1C[C@H](C(=O)N[C@]2(C)O[C@@]3(O)[C@@H]4CCCN4C(=O)[C@H](Cc4ccccc4)N3C2=O)C[C@@H]2c3cccc4[nH]cc(c34)C[C@H]21
104,DB00321,Amitriptyline,CN(C)CCC=C1c2ccccc2CCc2ccccc21
105,DB00323,Tolcapone,Cc1ccc(C(=O)c2cc(O)c(O)c([N+](=O)[O-])c2)cc1
106,DB00324,Fluorometholone,CC(=O)[C@@]1(O)CC[C@H]2[C@@H]3C[C@H](C)C4=CC(=O)C=C[C@]4(C)[C@@]3(F)[C@@H](O)C[C@@]21C
107,DB00325,Nitroprusside,N#C[Fe-2](C#N)(C#N)(C#N)(C#N)N=O
108,DB00327,Hydromorphone,CN1CC[C@]23c4c5ccc(O)c4O[C@H]2C(=O)CC[C@H]3[C@H]1C5
109,DB00328,Indomethacin,COc1ccc2c(c1)c(CC(=O)O)c(C)n2C(=O)c1ccc(Cl)cc1
110,DB00331,Metformin,CN(C)C(=N)NC(=N)N
111,DB00332,Ipratropium,CC(C)[N+]1(C)[C@@H]2CC[C@H]1C[C@@H](OC(=O)C(CO)c1ccccc1)C2
112,DB00333,Methadone,CCC(=O)C(CC(C)N(C)C)(c1ccccc1)c1ccccc1
113,DB00334,Olanzapine,Cc1cc2c(s1)Nc1ccccc1N=C2N1CCN(C)CC1
114,DB00335,Atenolol,CC(C)NCC(O)COc1ccc(CC(N)=O)cc1
115,DB00337,Pimecrolimus,CC[C@@H]1/C=C(\C)C[C@H](C)C[C@H](OC)[C@H]2O[C@@](O)(C(=O)C(=O)N3CCCC[C@H]3C(=O)O[C@H](/C(C)=C/[C@@H]3CC[C@H](Cl)[C@H](OC)C3)[C@H](C)[C@@H](O)CC1=O)[C@H](C)C[C@@H]2OC
116,DB00338,Omeprazole,COc1ccc2nc(S(=O)Cc3ncc(C)c(OC)c3C)[nH]c2c1
117,DB00341,Cetirizine,O=C(O)COCCN1CCN(C(c2ccccc2)c2ccc(Cl)cc2)CC1
118,DB00342,Terfenadine,CC(C)(C)c1ccc(C(O)CCCN2CCC(C(O)(c3ccccc3)c3ccccc3)CC2)cc1
119,DB00343,Diltiazem,COc1ccc([C@@H]2Sc3ccccc3N(CCN(C)C)C(=O)[C@@H]2OC(C)=O)cc1
120,DB00346,Alfuzosin,COc1cc2nc(N(C)CCCNC(=O)C3CCCO3)nc(N)c2cc1OC
121,DB00349,Clobazam,CN1C(=O)CC(=O)N(c2ccccc2)c2cc(Cl)ccc21
122,DB00350,Minoxidil,Nc1cc(N2CCCCC2)nc(N)[n+]1[O-]
123,DB00351,Megestrol acetate,CC(=O)O[C@]1(C(C)=O)CC[C@H]2[C@@H]3C=C(C)C4=CC(=O)CC[C@]4(C)[C@H]3CC[C@@]21C
124,DB00352,Tioguanine,Nc1nc(=S)c2[nH]cnc2[nH]1
125,DB00353,Methylergometrine,CC[C@@H](CO)NC(=O)[C@@H]1C=C2c3cccc4[nH]cc(c34)C[C@H]2N(C)C1
126,DB00354,Buclizine,CC(C)(C)c1ccc(CN2CCN(C(c3ccccc3)c3ccc(Cl)cc3)CC2)cc1
127,DB00356,Chlorzoxazone,O=c1[nH]c2cc(Cl)ccc2o1
128,DB00357,Aminoglutethimide,CCC1(c2ccc(N)cc2)CCC(=O)NC1=O
129,DB00361,Vinorelbine,CCC1=C[C@@H]2CN(C1)Cc1c([nH]c3ccccc13)[C@@](C(=O)OC)(c1cc3c(cc1OC)N(C)[C@H]1[C@@](O)(C(=O)OC)[C@H](OC(C)=O)[C@]4(CC)C=CCN5CC[C@]31[C@@H]54)C2
130,DB00363,Clozapine,CN1CCN(C2=Nc3cc(Cl)ccc3Nc3ccccc32)CC1
131,DB00364,Sucralfate,O.O=S(=O)(OC[C@H]1O[C@@](COS(=O)(=O)O[Al](O)O)(O[C@H]2O[C@H](COS(=O)(=O)O[Al](O)O)[C@@H](OS(=O)(=O)O[Al](O)O)[C@H](OS(=O)(=O)O[Al](O)O)[C@H]2OS(=O)(=O)O[Al](O)O)[C@@H](OS(=O)(=O)O[Al](O)O)[C@@H]1OS(=O)(=O)O[Al](O)O)O[Al](O)O.O[Al](O)O
132,DB00366,Doxylamine,CN(C)CCOC(C)(c1ccccc1)c1ccccn1
133,DB00367,Levonorgestrel,C#C[C@]1(O)CC[C@H]2[C@@H]3CCC4=CC(=O)CC[C@@H]4[C@H]3CC[C@@]21CC
134,DB00368,Norepinephrine,NC[C@H](O)c1ccc(O)c(O)c1
135,DB00371,Meprobamate,CCCC(C)(COC(N)=O)COC(N)=O
136,DB00373,Timolol,CC(C)(C)NC[C@H](O)COc1nsnc1N1CCOCC1
137,DB00374,Treprostinil,CCCCC[C@H](O)CC[C@@H]1[C@H]2Cc3cccc(OCC(=O)O)c3C[C@H]2C[C@H]1O
138,DB00376,Trihexyphenidyl,OC(CCN1CCCCC1)(c1ccccc1)C1CCCCC1
139,DB00379,Mexiletine,Cc1cccc(C)c1OCC(C)N
140,DB00380,Dexrazoxane,C[C@@H](CN1CC(=O)NC(=O)C1)N1CC(=O)NC(=O)C1
141,DB00381,Amlodipine,CCOC(=O)C1=C(COCCN)NC(C)=C(C(=O)OC)C1c1ccccc1Cl
142,DB00382,Tacrine,Nc1c2c(nc3ccccc13)CCCC2
143,DB00384,Triamterene,Nc1nc(N)c2nc(-c3ccccc3)c(N)nc2n1
144,DB00385,Valrubicin,CCCCC(=O)OCC(=O)[C@]1(O)Cc2c(O)c3c(c(O)c2[C@@H](O[C@H]2C[C@H](NC(=O)C(F)(F)F)[C@H](O)[C@H](C)O2)C1)C(=O)c1c(OC)cccc1C3=O
145,DB00387,Procyclidine,OC(CCN1CCCC1)(c1ccccc1)C1CCCCC1
146,DB00388,Phenylephrine,CNC[C@H](O)c1cccc(O)c1
147,DB00390,Digoxin,C[C@H]1O[C@@H](O[C@H]2[C@@H](O)C[C@H](O[C@H]3[C@@H](O)C[C@H](O[C@H]4CC[C@@]5(C)[C@H](CC[C@@H]6[C@@H]5C[C@@H](O)[C@]5(C)[C@@H](C7=CC(=O)OC7)CC[C@]65O)C4)O[C@@H]3C)O[C@@H]2C)C[C@H](O)[C@@H]1O
148,DB00392,Profenamine,CCN(CC)C(C)CN1c2ccccc2Sc2ccccc21
149,DB00393,Nimodipine,COCCOC(=O)C1=C(C)NC(C)=C(C(=O)OC(C)C)C1c1cccc([N+](=O)[O-])c1
150,DB00394,Beclomethasone dipropionate,CCC(=O)OCC(=O)[C@@]1(OC(=O)CC)[C@@H](C)C[C@H]2[C@@H]3CCC4=CC(=O)C=C[C@]4(C)[C@@]3(Cl)[C@@H](O)C[C@@]21C
151,DB00396,Progesterone,CC(=O)[C@H]1CC[C@H]2[C@@H]3CCC4=CC(=O)CC[C@]4(C)[C@H]3CC[C@]12C
152,DB00397,Phenylpropanolamine,CC(N)C(O)c1ccccc1
153,DB00398,Sorafenib,CNC(=O)c1cc(Oc2ccc(NC(=O)Nc3ccc(Cl)c(C(F)(F)F)c3)cc2)ccn1
154,DB00399,Zoledronic acid,O=P(O)(O)C(O)(Cn1ccnc1)P(=O)(O)O
155,DB00401,Nisoldipine,COC(=O)C1=C(C)NC(C)=C(C(=O)OCC(C)C)C1c1ccccc1[N+](=O)[O-]
156,DB00404,Alprazolam,Cc1nnc2n1-c1ccc(Cl)cc1C(c1ccccc1)=NC2
157,DB00405,Dexbrompheniramine,CN(C)CC[C@@H](c1ccc(Br)cc1)c1ccccn1
158,DB00407,Ardeparin,CC(=O)NC1C(C(C(OC1O)COS(=O)(=O)O)OC2C(C(C(C(O2)C(=O)O)OC3C(C(C(C(O3)CO)OC4C(C(C(C(O4)C(=O)O)O)O)OS(=O)(=O)O)OS(=O)(=O)O)NS(=O)(=O)O)O)OS(=O)(=O)O)O
159,DB00408,Loxapine,CN1CCN(C2=Nc3ccccc3Oc3ccc(Cl)cc32)CC1
160,DB00412,Rosiglitazone,CN(CCOc1ccc(CC2SC(=O)NC2=O)cc1)c1ccccn1
161,DB00413,Pramipexole,CCCN[C@H]1CCc2nc(N)sc2C1
162,DB00414,Acetohexamide,CC(=O)c1ccc(S(=O)(=O)NC(=O)NC2CCCCC2)cc1
163,DB00419,Miglustat,CCCCN1C[C@H](O)[C@@H](O)[C@H](O)[C@H]1CO
164,DB00421,Spironolactone,CC(=O)S[C@@H]1CC2=CC(=O)CC[C@]2(C)[C@H]2CC[C@@]3(C)[C@@H](CC[C@@]34CCC(=O)O4)[C@H]12
165,DB00422,Methylphenidate,COC(=O)C(c1ccccc1)C1CCCCN1
166,DB00424,Hyoscyamine,CN1[C@@H]2CC[C@H]1C[C@@H](OC(=O)[C@H](CO)c1ccccc1)C2
167,DB00427,Triprolidine,Cc1ccc(/C(=C\CN2CCCC2)c2ccccn2)cc1
168,DB00428,Streptozocin,CN(N=O)C(=O)N[C@@H]1[C@@H](O)[C@H](O)[C@@H](CO)O[C@@H]1O
169,DB00433,Prochlorperazine,CN1CCN(CCCN2c3ccccc3Sc3ccc(Cl)cc32)CC1
170,DB00434,Cyproheptadine,CN1CCC(=C2c3ccccc3C=Cc3ccccc32)CC1
171,DB00436,Bendroflumethiazide,NS(=O)(=O)c1cc2c(cc1C(F)(F)F)NC(Cc1ccccc1)NS2(=O)=O
172,DB00437,Allopurinol,Oc1ncnc2[nH]ncc12
173,DB00440,Trimethoprim,COc1cc(Cc2cnc(N)nc2N)cc(OC)c1OC
174,DB00441,Gemcitabine,Nc1ccn([C@@H]2O[C@H](CO)[C@@H](O)C2(F)F)c(=O)n1
175,DB00443,Betamethasone,C[C@H]1C[C@H]2[C@@H]3CCC4=CC(=O)C=C[C@]4(C)[C@@]3(F)[C@@H](O)C[C@]2(C)[C@@]1(O)C(=O)CO
176,DB00444,Teniposide,COc1cc([C@@H]2c3cc4c(cc3[C@@H](O[C@@H]3O[C@@H]5CO[C@@H](c6cccs6)O[C@H]5[C@H](O)[C@H]3O)[C@H]3COC(=O)[C@H]23)OCO4)cc(OC)c1O
177,DB00445,Epirubicin,COc1cccc2c1C(=O)c1c(O)c3c(c(O)c1C2=O)C[C@@](O)(C(=O)CO)C[C@@H]3O[C@H]1C[C@H](N)[C@@H](O)[C@H](C)O1
178,DB00448,Lansoprazole,Cc1c(OCC(F)(F)F)ccnc1CS(=O)c1nc2ccccc2[nH]1
179,DB00449,Dipivefrin,CNCC(O)c1ccc(OC(=O)C(C)(C)C)c(OC(=O)C(C)(C)C)c1
180,DB00451,Levothyroxine,N[C@@H](Cc1cc(I)c(Oc2cc(I)c(O)c(I)c2)c(I)c1)C(=O)O
181,DB00454,Meperidine,CCOC(=O)C1(c2ccccc2)CCN(C)CC1
182,DB00455,Loratadine,CCOC(=O)N1CCC(=C2c3ccc(Cl)cc3CCc3cccnc32)CC1
183,DB00457,Prazosin,COc1cc2nc(N3CCN(C(=O)c4ccco4)CC3)nc(N)c2cc1OC
184,DB00458,Imipramine,CN(C)CCCN1c2ccccc2CCc2ccccc21
185,DB00460,Verteporfin,C=Cc1c(C)c2cc3nc(cc4[nH]c(cc5nc(cc1[nH]2)C(C)=C5CCC(=O)O)c(CCC(=O)OC)c4C)[C@@]1(C)C3=CC=C(C(=O)OC)[C@H]1C(=O)OC
186,DB00461,Nabumetone,COc1ccc2cc(CCC(C)=O)ccc2c1
187,DB00464,Sodium tetradecyl sulfate,CCCCC(CC)CCC(CC(C)C)OS(=O)(=O)[O-].[Na+]
188,DB00465,Ketorolac,O=C(c1ccccc1)c1ccc2n1CCC2C(=O)O
189,DB00468,Quinine,C=C[C@H]1C[N@]2CC[C@H]1C[C@H]2[C@H](O)c1ccnc2ccc(OC)cc12
190,DB00469,Tenoxicam,CN1C(C(=O)Nc2ccccn2)=C(O)c2sccc2S1(=O)=O
191,DB00470,Dronabinol,CCCCCc1cc(O)c2c(c1)OC(C)(C)[C@@H]1CCC(C)=C[C@@H]21
192,DB00471,Montelukast,CC(C)(O)c1ccccc1CC[C@@H](SCC1(CC(=O)O)CC1)c1cccc(/C=C/c2ccc3ccc(Cl)cc3n2)c1
193,DB00472,Fluoxetine,CNCCC(Oc1ccc(C(F)(F)F)cc1)c1ccccc1
194,DB00475,Chlordiazepoxide,CNC1=Nc2ccc(Cl)cc2C(c2ccccc2)=[N+]([O-])C1
195,DB00476,Duloxetine,CNCC[C@H](Oc1cccc2ccccc12)c1cccs1
196,DB00477,Chlorpromazine,CN(C)CCCN1c2ccccc2Sc2ccc(Cl)cc21
197,DB00480,Lenalidomide,Nc1cccc2c1CN(C1CCC(=O)NC1=O)C2=O
198,DB00481,Raloxifene,O=C(c1ccc(OCCN2CCCCC2)cc1)c1c(-c2ccc(O)cc2)sc2cc(O)ccc12
199,DB00482,Celecoxib,Cc1ccc(-c2cc(C(F)(F)F)nn2-c2ccc(S(N)(=O)=O)cc2)cc1
200,DB00484,Brimonidine,Brc1c(NC2=NCCN2)ccc2nccnc12
201,DB00489,Sotalol,CC(C)NCC(O)c1ccc(NS(C)(=O)=O)cc1
202,DB00490,Buspirone,O=C1CC2(CCCC2)CC(=O)N1CCCCN1CCN(c2ncccn2)CC1
203,DB00491,Miglitol,OCCN1C[C@H](O)[C@@H](O)[C@H](O)[C@H]1CO
204,DB00492,Fosinopril,CCC(=O)O[C@@H](O[P@@](=O)(CCCCc1ccccc1)CC(=O)N1C[C@H](C2CCCCC2)C[C@H]1C(=O)O)C(C)C
205,DB00494,Entacapone,CCN(CC)C(=O)/C(C#N)=C/c1cc(O)c(O)c([N+](=O)[O-])c1
206,DB00497,Oxycodone,COc1ccc2c3c1O[C@H]1C(=O)CC[C@@]4(O)[C@@H](C2)N(C)CC[C@]314
207,DB00499,Flutamide,CC(C)C(=O)Nc1ccc([N+](=O)[O-])c(C(F)(F)F)c1
208,DB00500,Tolmetin,Cc1ccc(C(=O)c2ccc(CC(=O)O)n2C)cc1
209,DB00501,Cimetidine,CN/C(=N/C#N)NCCSCc1nc[nH]c1C
210,DB00502,Haloperidol,O=C(CCCN1CCC(O)(c2ccc(Cl)cc2)CC1)c1ccc(F)cc1
211,DB00508,Triflupromazine,CN(C)CCCN1c2ccccc2Sc2ccc(C(F)(F)F)cc21
212,DB00514,Dextromethorphan,COc1ccc2c(c1)[C@]13CCCC[C@@H]1[C@H](C2)N(C)CC3
213,DB00515,Cisplatin,N[Pt](N)(Cl)Cl
214,DB00519,Trandolapril,CCOC(=O)[C@H](CCc1ccccc1)N[C@@H](C)C(=O)N1[C@H](C(=O)O)C[C@H]2CCCC[C@@H]21
215,DB00521,Carteolol,CC(C)(C)NCC(O)COc1cccc2c1CCC(=O)N2
216,DB00523,Alitretinoin,CC1=C(/C=C/C(C)=C\C=C\C(C)=C\C(=O)O)C(C)(C)CCC1
217,DB00524,Metolazone,Cc1ccccc1N1C(=O)c2cc(S(N)(=O)=O)c(Cl)cc2NC1C
218,DB00527,Cinchocaine,CCCCOc1cc(C(=O)NCCN(CC)CC)c2ccccc2n1
219,DB00528,Lercanidipine,COC(=O)C1=C(C)NC(C)=C(C(=O)OC(C)(C)CN(C)CCC(c2ccccc2)c2ccccc2)C1c1cccc([N+](=O)[O-])c1
220,DB00530,Erlotinib,C#Cc1cccc(Nc2ncnc3cc(OCCOC)c(OCCOC)cc23)c1
221,DB00531,Cyclophosphamide,O=P1(N(CCCl)CCCl)NCCCO1
222,DB00532,Mephenytoin,CCC1(c2ccccc2)NC(=O)N(C)C1=O
223,DB00535,Cefdinir,C=CC1=C(C(=O)O)N2C(=O)[C@@H](NC(=O)/C(=N\O)c3csc(N)n3)[C@H]2SC1
224,DB00536,Guanidine,N=C(N)N
225,DB00537,Ciprofloxacin,O=C(O)c1cn(C2CC2)c2cc(N3CCNCC3)c(F)cc2c1=O
226,DB00540,Nortriptyline,CNCCC=C1c2ccccc2CCc2ccccc21
227,DB00541,Vincristine,CC[C@]1(O)C[C@@H]2C[N@@](CCc3c([nH]c4ccccc34)[C@@](C(=O)OC)(c3cc4c(cc3OC)N(C=O)[C@H]3[C@@](O)(C(=O)OC)[C@H](OC(C)=O)[C@]5(CC)C=CCN6CC[C@]43[C@@H]65)C2)C1
228,DB00542,Benazepril,CCOC(=O)[C@H](CCc1ccccc1)N[C@H]1CCc2ccccc2N(CC(=O)O)C1=O
229,DB00544,Fluorouracil,O=c1[nH]cc(F)c(=O)[nH]1
230,DB00545,Pyridostigmine,CN(C)C(=O)Oc1ccc[n+](C)c1
231,DB00547,Desoximetasone,C[C@@H]1C[C@H]2[C@@H]3CCC4=CC(=O)C=C[C@]4(C)[C@@]3(F)[C@@H](O)C[C@]2(C)[C@H]1C(=O)CO
232,DB00548,Azelaic acid,O=C(O)CCCCCCCC(=O)O
233,DB00549,Zafirlukast,COc1cc(C(=O)NS(=O)(=O)c2ccccc2C)ccc1Cc1cn(C)c2ccc(NC(=O)OC3CCCC3)cc12
234,DB00550,Propylthiouracil,CCCc1cc(=O)[nH]c(=S)[nH]1
235,DB00552,Pentostatin,OC[C@H]1O[C@@H](n2cnc3c2N=CNC[C@H]3O)C[C@@H]1O
236,DB00553,Methoxsalen,COc1c2occc2cc2ccc(=O)oc12
237,DB00554,Piroxicam,CN1C(C(=O)Nc2ccccn2)=C(O)c2ccccc2S1(=O)=O
238,DB00555,Lamotrigine,Nc1nnc(-c2cccc(Cl)c2Cl)c(N)n1
239,DB00557,Hydroxyzine,OCCOCCN1CCN(C(c2ccccc2)c2ccc(Cl)cc2)CC1
240,DB00559,Bosentan,COc1ccccc1Oc1c(NS(=O)(=O)c2ccc(C(C)(C)C)cc2)nc(-c2ncccn2)nc1OCCO
241,DB00563,Methotrexate,CN(Cc1cnc2nc(=N)[nH]c(N)c2n1)c1ccc(C(=O)N[C@@H](CCC(=O)O)C(=O)O)cc1
242,DB00564,Carbamazepine,NC(=O)N1c2ccccc2C=Cc2ccccc21
243,DB00569,Fondaparinux,CO[C@H]1O[C@H](COS(=O)(=O)O)[C@@H](O[C@@H]2O[C@@H](C(=O)O)[C@@H](O[C@H]3O[C@H](COS(=O)(=O)O)[C@@H](O[C@@H]4O[C@H](C(=O)O)[C@@H](O[C@H]5O[C@H](COS(=O)(=O)O)[C@@H](O)[C@H](O)[C@H]5NS(=O)(=O)O)[C@H](O)[C@H]4O)[C@H](OS(=O)(=O)O)[C@H]3NS(=O)(=O)O)[C@H](O)[C@H]2OS(=O)(=O)O)[C@H](O)[C@H]1NS(=O)(=O)O
244,DB00570,Vinblastine,CC[C@]1(O)C[C@@H]2CN(CCc3c([nH]c4ccccc34)[C@@](C(=O)OC)(c3cc4c(cc3OC)N(C)[C@H]3[C@@](O)(C(=O)OC)[C@H](OC(C)=O)[C@]5(CC)C=CCN6CC[C@]43[C@@H]65)C2)C1
245,DB00571,Propranolol,CC(C)NCC(O)COc1cccc2ccccc12
246,DB00572,Atropine,CN1[C@@H]2CC[C@H]1C[C@@H](OC(=O)C(CO)c1ccccc1)C2
247,DB00573,Fenoprofen,CC(C(=O)O)c1cccc(Oc2ccccc2)c1
248,DB00575,Clonidine,Clc1cccc(Cl)c1NC1=NCCN1
249,DB00583,Levocarnitine,C[N+](C)(C)C[C@H](O)CC(=O)[O-]
250,DB00584,Enalapril,CCOC(=O)[C@H](CCc1ccccc1)N[C@@H](C)C(=O)N1CCC[C@H]1C(=O)O
251,DB00585,Nizatidine,CNC(=C[N+](=O)[O-])NCCSCc1csc(CN(C)C)n1
252,DB00586,Diclofenac,O=C(O)Cc1ccccc1Nc1c(Cl)cccc1Cl
253,DB00588,Fluticasone propionate,CCC(=O)O[C@]1(C(=O)SCF)[C@H](C)C[C@H]2[C@@H]3C[C@H](F)C4=CC(=O)C=C[C@]4(C)[C@@]3(F)[C@@H](O)C[C@@]21C
254,DB00589,Lisuride,CCN(CC)C(=O)N[C@H]1C=C2c3cccc4[nH]cc(c34)C[C@H]2N(C)C1
255,DB00590,Doxazosin,COc1cc2nc(N3CCN(C(=O)C4COc5ccccc5O4)CC3)nc(N)c2cc1OC
256,DB00591,Fluocinolone acetonide,CC1(C)O[C@@H]2C[C@H]3[C@@H]4C[C@H](F)C5=CC(=O)C=C[C@]5(C)[C@@]4(F)[C@@H](O)C[C@]3(C)[C@]2(C(=O)CO)O1
257,DB00593,Ethosuximide,CCC1(C)CC(=O)NC1=O
258,DB00594,Amiloride,N=C(N)NC(=O)c1nc(Cl)c(N)nc1N
259,DB00596,Ulobetasol,C[C@H]1C[C@H]2[C@@H]3C[C@H](F)C4=CC(=O)C=C[C@]4(C)[C@@]3(F)[C@@H](O)C[C@]2(C)[C@@]1(O)C(=O)CCl
260,DB00598,Labetalol,CC(CCc1ccccc1)NCC(O)c1ccc(O)c(C(N)=O)c1
261,DB00603,Medroxyprogesterone acetate,CC(=O)O[C@]1(C(C)=O)CC[C@H]2[C@@H]3C[C@H](C)C4=CC(=O)CC[C@]4(C)[C@H]3CC[C@@]21C
262,DB00604,Cisapride,COc1cc(N)c(Cl)cc1C(=O)N[C@@H]1CCN(CCCOc2ccc(F)cc2)C[C@@H]1OC
263,DB00605,Sulindac,CC1=C(CC(=O)O)c2cc(F)ccc2/C1=C\c1ccc(S(C)=O)cc1
264,DB00608,Chloroquine,CCN(CC)CCCC(C)Nc1ccnc2cc(Cl)ccc12
265,DB00611,Butorphanol,Oc1ccc2c(c1)[C@]13CCCC[C@@]1(O)[C@H](C2)N(CC1CCC1)CC3
266,DB00612,Bisoprolol,CC(C)NCC(O)COc1ccc(COCCOC(C)C)cc1
267,DB00619,Imatinib,Cc1ccc(NC(=O)c2ccc(CN3CCN(C)CC3)cc2)cc1Nc1nccc(-c2cccnc2)n1
268,DB00620,Triamcinolone,C[C@]12C=CC(=O)C=C1CC[C@H]1[C@@H]3C[C@@H](O)[C@](O)(C(=O)CO)[C@@]3(C)C[C@H](O)[C@@]12F
269,DB00622,Nicardipine,COC(=O)C1=C(C)NC(C)=C(C(=O)OCCN(C)Cc2ccccc2)C1c1cccc([N+](=O)[O-])c1
270,DB00623,Fluphenazine,OCCN1CCN(CCCN2c3ccccc3Sc3ccc(C(F)(F)F)cc32)CC1
271,DB00624,Testosterone,C[C@]12CC[C@H]3[C@@H](CCC4=CC(=O)CC[C@@]43C)[C@@H]1CC[C@@H]2O
272,DB00627,Niacin,O=C(O)c1cccnc1
273,DB00630,Alendronic acid,NCCCC(O)(P(=O)(O)O)P(=O)(O)O
274,DB00631,Clofarabine,Nc1nc(Cl)nc2c1ncn2[C@@H]1O[C@H](CO)[C@@H](O)[C@@H]1F
275,DB00635,Prednisone,C[C@]12C=CC(=O)C=C1CC[C@@H]1[C@@H]2C(=O)C[C@@]2(C)[C@H]1CC[C@]2(O)C(=O)CO
276,DB00636,Clofibrate,CCOC(=O)C(C)(C)Oc1ccc(Cl)cc1
277,DB00637,Astemizole,COc1ccc(CCN2CCC(Nc3nc4ccccc4n3Cc3ccc(F)cc3)CC2)cc1
278,DB00638,Inulin,C([C@@H]1[C@H]([C@@H]([C@H]([C@H](O1)O[C@]2([C@H]([C@@H]([C@H](O2)CO)O)O)CO[C@]3([C@H]([C@@H]([C@H](O3)CO)O)O)CO[C@]4([C@H]([C@@H]([C@H](O4)CO)O)O)CO[C@]5([C@H]([C@@H]([C@H](O5)CO)O)O)CO[C@]6([C@H]([C@@H]([C@H](O6)CO)O)O)CO[C@]7([C@H]([C@@H]([C@H](O7)CO)O)O)CO[C@]8([C@H]([C@@H]([C@H](O8)CO)O)O)CO[C@]9([C@H]([C@@H]([C@H](O9)CO)O)O)CO[C@]1([C@H]([C@@H]([C@H](O1)CO)O)O)CO[C@]1([C@H]([C@@H]([C@H](O1)CO)O)O)CO[C@]1([C@H]([C@@H]([C@H](O1)CO)O)O)CO[C@]1([C@H]([C@@H]([C@H](O1)CO)O)O)CO[C@]1([C@H]([C@@H]([C@H](O1)CO)O)O)CO[C@]1([C@H]([C@@H]([C@H](O1)CO)O)O)CO[C@]1([C@H]([C@@H]([C@H](O1)CO)O)O)CO[C@]1([C@H]([C@@H]([C@H](O1)CO)O)O)CO[C@]1([C@H]([C@@H]([C@H](O1)CO)O)O)CO[C@]1([C@H]([C@@H]([C@H](O1)CO)O)O)CO[C@]1([C@H]([C@@H]([C@H](O1)CO)O)O)CO[C@]1([C@H]([C@@H]([C@H](O1)CO)O)O)CO[C@]1([C@H]([C@@H]([C@H](O1)CO)O)O)CO[C@]1([C@H]([C@@H]([C@H](O1)CO)O)O)CO[C@]1([C@H]([C@@H]([C@H](O1)CO)O)O)CO[C@]1([C@H]([C@@H]([C@H](O1)CO)O)O)CO[C@]1([C@H]([C@@H]([C@H](O1)CO)O)O)CO[C@]1([C@H]([C@@H]([C@H](O1)CO)O)O)CO[C@]1([C@H]([C@@H]([C@H](O1)CO)O)O)CO[C@]1([C@H]([C@@H]([C@H](O1)CO)O)O)CO[C@]1([C@H]([C@@H]([C@H](O1)CO)O)O)CO[C@]1([C@H]([C@@H]([C@H](O1)CO)O)O)CO[C@]1([C@H]([C@@H]([C@H](O1)CO)O)O)CO[C@]1([C@H]([C@@H]([C@H](O1)CO)O)O)CO[C@]1([C@H]([C@@H]([C@H](O1)CO)O)O)CO[C@]1([C@H]([C@@H]([C@H](O1)CO)O)O)CO[C@]1([C@H]([C@@H]([C@H](O1)CO)O)O)CO[C@]1([C@H]([C@@H]([C@H](O1)CO)O)O)CO[C@]1([C@H]([C@@H]([C@H](O1)CO)O)O)CO)O)O)O)O
279,DB00640,Adenosine,Nc1ncnc2c1ncn2[C@@H]1O[C@H](CO)[C@@H](O)[C@H]1O
280,DB00641,Simvastatin,CCC(C)(C)C(=O)O[C@H]1C[C@@H](C)C=C2C=C[C@H](C)[C@H](CC[C@@H]3C[C@@H](O)CC(=O)O3)[C@H]21
281,DB00642,Pemetrexed,Nc1nc(=O)c2c(CCc3ccc(C(=O)N[C@@H](CCC(=O)O)C(=O)O)cc3)c[nH]c2[nH]1
282,DB00644,Gonadorelin,CC(C)CC(NC(=O)CNC(=O)C(Cc1ccc(O)cc1)NC(=O)C(CO)NC(=O)C(Cc1c[nH]c2ccccc12)NC(=O)C(Cc1cnc[nH]1)NC(=O)C1CCC(=O)N1)C(=O)NC(CCCN=C(N)N)C(=O)N1CCCC1C(=O)NCC(N)=O
283,DB00647,Dextropropoxyphene,CCC(=O)O[C@](Cc1ccccc1)(c1ccccc1)[C@H](C)CN(C)C
284,DB00650,Leucovorin,Nc1nc2c(c(=O)[nH]1)N(C=O)C(CNc1ccc(C(=O)N[C@@H](CCC(=O)O)C(=O)O)cc1)CN2
285,DB00651,Dyphylline,Cn1c(=O)c2c(ncn2CC(O)CO)n(C)c1=O
286,DB00652,Pentazocine,CC(C)=CCN1CCC2(C)c3cc(O)ccc3CC1C2C
287,DB00653,Magnesium sulfate,O=S(=O)([O-])[O-].[Mg+2]
288,DB00654,Latanoprost,CC(C)OC(=O)CCC/C=C\C[C@@H]1[C@@H](CC[C@@H](O)CCc2ccccc2)[C@H](O)C[C@@H]1O
289,DB00655,Estrone,C[C@]12CC[C@@H]3c4ccc(O)cc4CC[C@H]3[C@@H]1CCC2=O
290,DB00657,Mecamylamine,CNC1(C)C2CCC(C2)C1(C)C
291,DB00659,Acamprosate,CC(=O)NCCCS(=O)(=O)O
292,DB00661,Verapamil,COc1ccc(CCN(C)CCCC(C#N)(c2ccc(OC)c(OC)c2)C(C)C)cc1OC
293,DB00663,Flumethasone,C[C@@H]1C[C@H]2[C@@H]3C[C@H](F)C4=CC(=O)C=C[C@]4(C)[C@@]3(F)[C@@H](O)C[C@]2(C)[C@@]1(O)C(=O)CO
294,DB00668,Epinephrine,CNC[C@H](O)c1ccc(O)c(O)c1
295,DB00669,Sumatriptan,CNS(=O)(=O)Cc1ccc2[nH]cc(CCN(C)C)c2c1
296,DB00672,Chlorpropamide,CCCNC(=O)NS(=O)(=O)c1ccc(Cl)cc1
297,DB00674,Galantamine,COc1ccc2c3c1O[C@H]1C[C@@H](O)C=C[C@@]31CCN(C)C2
298,DB00675,Tamoxifen,CC/C(=C(\c1ccccc1)c1ccc(OCCN(C)C)cc1)c1ccccc1
299,DB00678,Losartan,CCCCc1nc(Cl)c(CO)n1Cc1ccc(-c2ccccc2-c2nn[nH]n2)cc1
300,DB00679,Thioridazine,CSc1ccc2c(c1)N(CCC1CCCCN1C)c1ccccc1S2
301,DB00682,Warfarin,CC(=O)CC(c1ccccc1)c1c(O)c2ccccc2oc1=O
302,DB00686,Pentosan polysulfate,O=S(=O)(O)O[C@@H]1[C@@H](OS(=O)(=O)O)[C@H](O[C@@H]2CO[C@@H](O)[C@H](OS(=O)(=O)O)[C@H]2OS(=O)(=O)O)OC[C@H]1O
303,DB00687,Fludrocortisone,C[C@]12CCC(=O)C=C1CC[C@H]1[C@@H]3CC[C@](O)(C(=O)CO)[C@@]3(C)C[C@H](O)[C@@]12F
304,DB00691,Moexipril,CCOC(=O)[C@H](CCc1ccccc1)N[C@@H](C)C(=O)N1Cc2cc(OC)c(OC)cc2C[C@H]1C(=O)O
305,DB00692,Phentolamine,Cc1ccc(N(CC2=NCCN2)c2cccc(O)c2)cc1
306,DB00694,Daunorubicin,COc1cccc2c1C(=O)c1c(O)c3c(c(O)c1C2=O)C[C@@](O)(C(C)=O)C[C@@H]3O[C@H]1C[C@H](N)[C@H](O)[C@H](C)O1
307,DB00695,Furosemide,NS(=O)(=O)c1cc(C(=O)O)c(NCc2ccco2)cc1Cl
308,DB00696,Ergotamine,CN1C[C@H](C(=O)N[C@]2(C)O[C@@]3(O)[C@@H]4CCCN4C(=O)[C@H](Cc4ccccc4)N3C2=O)C=C2c3cccc4[nH]cc(c34)C[C@H]21
309,DB00697,Tizanidine,Clc1ccc2nsnc2c1NC1=NCCN1
310,DB00699,Nicergoline,CO[C@]12C[C@@H](COC(=O)c3cncc(Br)c3)CN(C)[C@@H]1Cc1cn(C)c3cccc2c13
311,DB00704,Naltrexone,O=C1CC[C@@]2(O)[C@H]3Cc4ccc(O)c5c4[C@@]2(CCN3CC2CC2)[C@H]1O5
312,DB00706,Tamsulosin,CCOc1ccccc1OCCN[C@H](C)Cc1ccc(OC)c(S(N)(=O)=O)c1
313,DB00710,Ibandronate,CCCCCN(C)CCC(O)(P(=O)(O)O)P(=O)(O)O
314,DB00712,Flurbiprofen,CC(C(=O)O)c1ccc(-c2ccccc2)c(F)c1
315,DB00714,Apomorphine,CN1CCc2cccc3c2[C@H]1Cc1ccc(O)c(O)c1-3
316,DB00715,Paroxetine,Fc1ccc([C@@H]2CCNC[C@H]2COc2ccc3c(c2)OCO3)cc1
317,DB00716,Nedocromil,CCCc1c2oc(C(=O)O)cc(=O)c2cc2c(=O)cc(C(=O)O)n(CC)c12
318,DB00717,Norethisterone,C#C[C@]1(O)CC[C@H]2[C@@H]3CCC4=CC(=O)CC[C@@H]4[C@H]3CC[C@@]21C
319,DB00719,Azatadine,CN1CCC(=C2c3ccccc3CCc3cccnc32)CC1
320,DB00721,Procaine,CCN(CC)CCOC(=O)c1ccc(N)cc1
321,DB00722,Lisinopril,NCCCC[C@H](N[C@@H](CCc1ccccc1)C(=O)O)C(=O)N1CCC[C@H]1C(=O)O
322,DB00724,Imiquimod,CC(C)Cn1cnc2c(N)nc3ccccc3c21
323,DB00727,Nitroglycerin,O=[N+]([O-])OCC(CO[N+](=O)[O-])O[N+](=O)[O-]
324,DB00731,Nateglinide,CC(C)[C@H]1CC[C@H](C(=O)N[C@H](Cc2ccccc2)C(=O)O)CC1
325,DB00733,Pralidoxime,C[n+]1ccccc1/C=N/O
326,DB00734,Risperidone,Cc1nc2n(c(=O)c1CCN1CCC(c3noc4cc(F)ccc34)CC1)CCCC2
327,DB00736,Esomeprazole,COc1ccc2[nH]c([S@@](=O)Cc3ncc(C)c(OC)c3C)nc2c1
328,DB00741,Hydrocortisone,C[C@]12CCC(=O)C=C1CC[C@@H]1[C@@H]2[C@@H](O)C[C@@]2(C)[C@H]1CC[C@]2(O)C(=O)CO
329,DB00744,Zileuton,CC(c1cc2ccccc2s1)N(O)C(N)=O
330,DB00745,Modafinil,NC(=O)CS(=O)C(c1ccccc1)c1ccccc1
331,DB00747,Scopolamine,CN1[C@@H]2C[C@@H](OC(=O)[C@H](CO)c3ccccc3)C[C@H]1[C@@H]1O[C@@H]12
332,DB00748,Carbinoxamine,CN(C)CCOC(c1ccc(Cl)cc1)c1ccccn1
333,DB00749,Etodolac,CCc1cccc2c3c([nH]c12)C(CC)(CC(=O)O)OCC3
334,DB00750,Prilocaine,CCCNC(C)C(=O)Nc1ccccc1C
335,DB00751,Epinastine,NC1=NCC2c3ccccc3Cc3ccccc3N12
336,DB00754,Ethotoin,CCN1C(=O)NC(c2ccccc2)C1=O
337,DB00755,Tretinoin,CC1=C(/C=C/C(C)=C/C=C/C(C)=C/C(=O)O)C(C)(C)CCC1
338,DB00757,Dolasetron,O=C(O[C@@H]1C[C@@H]2C[C@H]3C[C@H](C1)N2CC3=O)c1c[nH]c2ccccc12
339,DB00758,Clopidogrel,COC(=O)[C@H](c1ccccc1Cl)N1CCc2sccc2C1
340,DB00759,Tetracycline,CN(C)[C@@H]1C(O)=C(C(N)=O)C(=O)[C@@]2(O)C(O)=C3C(=O)c4c(O)cccc4[C@@](C)(O)[C@H]3C[C@@H]12
341,DB00762,Irinotecan,CCc1c2c(nc3ccc(OC(=O)N4CCC(N5CCCCC5)CC4)cc13)-c1cc3c(c(=O)n1C2)COC(=O)[C@]3(O)CC
342,DB00763,Methimazole,Cn1cc[nH]c1=S
343,DB00764,Mometasone,C[C@@H]1C[C@H]2[C@@H]3CCC4=CC(=O)C=C[C@]4(C)[C@@]3(Cl)[C@@H](O)C[C@]2(C)[C@@]1(O)C(=O)CCl
344,DB00765,Metyrosine,C[C@](N)(Cc1ccc(O)cc1)C(=O)O
345,DB00767,Benzquinamide,CCN(CC)C(=O)C1CN2CCc3cc(OC)c(OC)cc3C2CC1OC(C)=O
346,DB00768,Olopatadine,CN(C)CC/C=C1/c2ccccc2COc2ccc(CC(=O)O)cc21
347,DB00770,Alprostadil,CCCCC[C@H](O)/C=C/[C@H]1[C@H](O)CC(=O)[C@@H]1CCCCCCC(=O)O
348,DB00771,Clidinium,C[N@+]12CC[C@H](CC1)C(OC(=O)C(O)(c1ccccc1)c1ccccc1)C2
349,DB00773,Etoposide,COc1cc([C@@H]2c3cc4c(cc3[C@@H](O[C@@H]3O[C@@H]5CO[C@@H](C)O[C@H]5[C@H](O)[C@H]3O)[C@H]3COC(=O)[C@H]23)OCO4)cc(OC)c1O
350,DB00775,Tirofiban,CCCCS(=O)(=O)N[C@@H](Cc1ccc(OCCCCC2CCNCC2)cc1)C(=O)O
351,DB00776,Oxcarbazepine,NC(=O)N1c2ccccc2CC(=O)c2ccccc21
352,DB00780,Phenelzine,NNCCc1ccccc1
353,DB00783,Estradiol,C[C@]12CC[C@@H]3c4ccc(O)cc4CC[C@H]3[C@@H]1CC[C@@H]2O
354,DB00784,Mefenamic acid,Cc1cccc(Nc2ccccc2C(=O)O)c1C
355,DB00787,Acyclovir,Nc1nc(=O)c2ncn(COCCO)c2[nH]1
356,DB00788,Naproxen,COc1ccc2cc([C@H](C)C(=O)O)ccc2c1
357,DB00790,Perindopril,CCC[C@H](N[C@@H](C)C(=O)N1[C@H](C(=O)O)C[C@@H]2CCCC[C@@H]21)C(=O)OCC
358,DB00794,Primidone,CCC1(c2ccccc2)C(=O)NCNC1=O
359,DB00795,Sulfasalazine,O=C(O)c1cc(/N=N/c2ccc(S(=O)(=O)Nc3ccccn3)cc2)ccc1O
360,DB00796,Candesartan cilexetil,CCOc1nc2cccc(C(=O)OC(C)OC(=O)OC3CCCCC3)c2n1Cc1ccc(-c2ccccc2-c2nnn[nH]2)cc1
361,DB00800,Fenoldopam,Oc1ccc(C2CNCCc3c2cc(O)c(O)c3Cl)cc1
362,DB00804,Dicyclomine,CCN(CC)CCOC(=O)C1(C2CCCCC2)CCCCC1
363,DB00806,Pentoxifylline,CC(=O)CCCCn1c(=O)c2c(ncn2C)n(C)c1=O
364,DB00808,Indapamide,CC1Cc2ccccc2N1NC(=O)c1ccc(Cl)c(S(N)(=O)=O)c1
365,DB00810,Biperiden,OC(CCN1CCCCC1)(c1ccccc1)C1CC2C=CC1C2
366,DB00813,Fentanyl,CCC(=O)N(c1ccccc1)C1CCN(CCc2ccccc2)CC1
367,DB00814,Meloxicam,Cc1cnc(NC(=O)C2=C(O)c3ccccc3S(=O)(=O)N2C)s1
368,DB00816,Orciprenaline,CC(C)NCC(O)c1cc(O)cc(O)c1
369,DB00819,Acetazolamide,CC(=O)Nc1nnc(S(N)(=O)=O)s1
370,DB00820,Tadalafil,CN1CC(=O)N2[C@H](c3ccc4c(c3)OCO4)c3[nH]c4ccccc4c3C[C@@H]2C1=O
371,DB00822,Disulfiram,CCN(CC)C(=S)SSC(=S)N(CC)CC
372,DB00829,Diazepam,CN1C(=O)CN=C(c2ccccc2)c2cc(Cl)ccc21
373,DB00831,Trifluoperazine,CN1CCN(CCCN2c3ccccc3Sc3ccc(C(F)(F)F)cc32)CC1
374,DB00834,Mifepristone,CC#C[C@]1(O)CC[C@H]2[C@@H]3CCC4=CC(=O)CCC4=C3[C@@H](c3ccc(N(C)C)cc3)C[C@@]21C
375,DB00835,Brompheniramine,CN(C)CCC(c1ccc(Br)cc1)c1ccccn1
376,DB00839,Tolazamide,Cc1ccc(S(=O)(=O)NC(=O)NN2CCCCCC2)cc1
377,DB00843,Donepezil,COc1cc2c(cc1OC)C(=O)C(CC1CCN(Cc3ccccc3)CC1)C2
378,DB00844,Nalbuphine,Oc1ccc2c3c1O[C@H]1[C@@H](O)CC[C@@]4(O)[C@@H](C2)N(CC2CCC2)CC[C@]314
379,DB00846,Flurandrenolide,CC1(C)O[C@@H]2C[C@H]3[C@@H]4C[C@H](F)C5=CC(=O)CC[C@]5(C)[C@H]4[C@@H](O)C[C@]3(C)[C@]2(C(=O)CO)O1
380,DB00847,Cysteamine,NCCS
381,DB00848,Levamisole,c1ccc([C@H]2CN3CCSC3=N2)cc1
382,DB00851,Dacarbazine,CN(C)/N=N/c1[nH]cnc1C(N)=O
383,DB00852,Pseudoephedrine,CN[C@@H](C)[C@@H](O)c1ccccc1
384,DB00853,Temozolomide,Cn1nnc2c(C(N)=O)ncn2c1=O
385,DB00856,Chlorphenesin,OCC(O)COc1ccc(Cl)cc1
386,DB00859,Penicillamine,CC(C)(S)[C@@H](N)C(=O)O
387,DB00860,Prednisolone,C[C@]12C=CC(=O)C=C1CC[C@@H]1[C@@H]2[C@@H](O)C[C@@]2(C)[C@H]1CC[C@]2(O)C(=O)CO
388,DB00861,Diflunisal,O=C(O)c1cc(-c2ccc(F)cc2F)ccc1O
389,DB00863,Ranitidine,CNC(=C[N+](=O)[O-])NCCSCc1ccc(CN(C)C)o1
390,DB00864,Tacrolimus,C=CC[C@@H]1/C=C(\C)C[C@H](C)C[C@H](OC)[C@H]2O[C@@](O)(C(=O)C(=O)N3CCCC[C@H]3C(=O)O[C@H](/C(C)=C/[C@@H]3CC[C@@H](O)[C@H](OC)C3)[C@H](C)[C@@H](O)CC1=O)[C@H](C)C[C@@H]2OC
391,DB00865,Benzphetamine,C[C@@H](Cc1ccccc1)N(C)Cc1ccccc1
392,DB00868,Benzonatate,CCCCNc1ccc(C(=O)OCCOCCOCCOCCOCCOCCOCCOCCOCCOC)cc1
393,DB00869,Dorzolamide,CCN[C@H]1C[C@H](C)S(=O)(=O)c2sc(S(N)(=O)=O)cc21
394,DB00871,Terbutaline,CC(C)(C)NCC(O)c1cc(O)cc(O)c1
395,DB00873,Loteprednol,C[C@]12C=CC(=O)C=C1CC[C@@H]1[C@@H]2[C@@H](O)C[C@@]2(C)[C@H]1CC[C@]2(O)C(=O)OCCl
396,DB00876,Eprosartan,CCCCc1ncc(/C=C(\Cc2cccs2)C(=O)O)n1Cc1ccc(C(=O)O)cc1
397,DB00880,Chlorothiazide,NS(=O)(=O)c1cc2c(cc1Cl)NC=NS2(=O)=O
398,DB00881,Quinapril,CCOC(=O)[C@H](CCc1ccccc1)N[C@@H](C)C(=O)N1Cc2ccccc2C[C@H]1C(=O)O
399,DB00882,Clomifene,CCN(CC)CCOc1ccc(C(=C(Cl)c2ccccc2)c2ccccc2)cc1
400,DB00883,Isosorbide dinitrate,O=[N+]([O-])O[C@H]1CO[C@H]2[C@@H]1OC[C@H]2O[N+](=O)[O-]
401,DB00884,Risedronic acid,O=P(O)(O)C(O)(Cc1cccnc1)P(=O)(O)O
402,DB00887,Bumetanide,CCCCNc1cc(C(=O)O)cc(S(N)(=O)=O)c1Oc1ccccc1
403,DB00888,Mechlorethamine,CN(CCCl)CCCl
404,DB00889,Granisetron,CN1[C@@H]2CCC[C@H]1C[C@@H](NC(=O)c1nn(C)c3ccccc13)C2
405,DB00898,Ethanol,CCO
406,DB00899,Remifentanil,CCC(=O)N(c1ccccc1)C1(C(=O)OC)CCN(CCC(=O)OC)CC1
407,DB00903,Etacrynic acid,C=C(CC)C(=O)c1ccc(OCC(=O)O)c(Cl)c1Cl
408,DB00904,Ondansetron,Cc1nccn1CC1CCc2c(c3ccccc3n2C)C1=O
409,DB00905,Bimatoprost,CCNC(=O)CCC/C=C\C[C@@H]1[C@@H](/C=C/[C@@H](O)CCc2ccccc2)[C@H](O)C[C@@H]1O
410,DB00906,Tiagabine,Cc1ccsc1C(=CCCN1CCC[C@@H](C(=O)O)C1)c1sccc1C
411,DB00907,Cocaine,COC(=O)[C@H]1[C@@H](OC(=O)c2ccccc2)C[C@@H]2CC[C@H]1N2C
412,DB00908,Quinidine,C=C[C@H]1CN2CC[C@H]1C[C@@H]2[C@@H](O)c1ccnc2ccc(OC)cc12
413,DB00909,Zonisamide,NS(=O)(=O)Cc1noc2ccccc12
414,DB00912,Repaglinide,CCOc1cc(CC(=O)N[C@@H](CC(C)C)c2ccccc2N2CCCCC2)ccc1C(=O)O
415,DB00915,Amantadine,NC12CC3CC(CC(C3)C1)C2
416,DB00917,Dinoprostone,CCCCC[C@H](O)/C=C/[C@H]1[C@H](O)CC(=O)[C@@H]1C/C=C\CCCC(=O)O
417,DB00918,Almotriptan,CN(C)CCc1c[nH]c2ccc(CS(=O)(=O)N3CCCC3)cc12
418,DB00920,Ketotifen,CN1CCC(=C2c3ccccc3CC(=O)c3sccc32)CC1
419,DB00921,Buprenorphine,CO[C@]12CC[C@@]3(C[C@@H]1[C@](C)(O)C(C)(C)C)[C@H]1Cc4ccc(O)c5c4[C@@]3(CCN1CC1CC1)[C@H]2O5
420,DB00924,Cyclobenzaprine,CN(C)CCC=C1c2ccccc2C=Cc2ccccc21
421,DB00925,Phenoxybenzamine,CC(COc1ccccc1)N(CCCl)Cc1ccccc1
422,DB00927,Famotidine,NC(N)=Nc1nc(CSCCC(N)=NS(N)(=O)=O)cs1
423,DB00928,Azacitidine,Nc1ncn([C@@H]2O[C@H](CO)[C@@H](O)[C@H]2O)c(=O)n1
424,DB00929,Misoprostol,CCCCC(C)(O)C/C=C/[C@H]1[C@H](O)CC(=O)[C@@H]1CCCCCCC(=O)OC
425,DB00933,Mesoridazine,CN1CCCCC1CCN1c2ccccc2Sc2ccc(S(C)=O)cc21
426,DB00936,Salicylic acid,O=C(O)c1ccccc1O
427,DB00937,Diethylpropion,CCN(CC)C(C)C(=O)c1ccccc1
428,DB00938,Salmeterol,OCc1cc(C(O)CNCCCCCCOCCCCc2ccccc2)ccc1O
429,DB00939,Meclofenamic acid,Cc1ccc(Cl)c(Nc2ccccc2C(=O)O)c1Cl
430,DB00945,Acetylsalicylic acid,CC(=O)Oc1ccccc1C(=O)O
431,DB00947,Fulvestrant,C[C@]12CC[C@@H]3c4ccc(O)cc4C[C@@H](CCCCCCCCCS(=O)CCCC(F)(F)C(F)(F)F)[C@H]3[C@@H]1CC[C@@H]2O
432,DB00949,Felbamate,NC(=O)OCC(COC(N)=O)c1ccccc1
433,DB00950,Fexofenadine,CC(C)(C(=O)O)c1ccc(C(O)CCCN2CCC(C(O)(c3ccccc3)c3ccccc3)CC2)cc1
434,DB00952,Naratriptan,CNS(=O)(=O)CCc1ccc2[nH]cc(C3CCN(C)CC3)c2c1
435,DB00953,Rizatriptan,CN(C)CCc1c[nH]c2ccc(Cn3cncn3)cc12
436,DB00956,Hydrocodone,COc1ccc2c3c1O[C@H]1C(=O)CC[C@H]4[C@@H](C2)N(C)CC[C@]314
437,DB00957,Norgestimate,C#C[C@]1(OC(C)=O)CC[C@H]2[C@@H]3CCC4=C/C(=N/O)CC[C@@H]4[C@H]3CC[C@@]21CC
438,DB00958,Carboplatin,N[Pt]1(N)OC(=O)C2(CCC2)C(=O)O1
439,DB00959,Methylprednisolone,C[C@H]1C[C@@H]2[C@H]([C@@H](O)C[C@@]3(C)[C@H]2CC[C@]3(O)C(=O)CO)[C@@]2(C)C=CC(=O)C=C12
440,DB00960,Pindolol,CC(C)NCC(O)COc1cccc2[nH]ccc12
441,DB00963,Bromfenac,Nc1c(CC(=O)O)cccc1C(=O)c1ccc(Br)cc1
442,DB00966,Telmisartan,CCCc1nc2c(C)cc(-c3nc4ccccc4n3C)cc2n1Cc1ccc(-c2ccccc2C(=O)O)cc1
443,DB00967,Desloratadine,Clc1ccc2c(c1)CCc1cccnc1C2=C1CCNCC1
444,DB00968,Methyldopa,C[C@](N)(Cc1ccc(O)c(O)c1)C(=O)O
445,DB00969,Alosetron,Cc1[nH]cnc1CN1CCc2c(c3ccccc3n2C)C1=O
446,DB00972,Azelastine,CN1CCCC(n2nc(Cc3ccc(Cl)cc3)c3ccccc3c2=O)CC1
447,DB00973,Ezetimibe,O=C1[C@H](CC[C@H](O)c2ccc(F)cc2)[C@@H](c2ccc(O)cc2)N1c1ccc(F)cc1
448,DB00975,Dipyridamole,OCCN(CCO)c1nc(N2CCCCC2)c2nc(N(CCO)CCO)nc(N3CCCCC3)c2n1
449,DB00977,Ethinylestradiol,C#C[C@]1(O)CC[C@H]2[C@@H]3CCc4cc(O)ccc4[C@H]3CC[C@@]21C
450,DB00982,Isotretinoin,CC1=C(/C=C/C(C)=C/C=C/C(C)=C\C(=O)O)C(C)(C)CCC1
451,DB00983,Formoterol,COc1ccc(CC(C)NCC(O)c2ccc(O)c(NC=O)c2)cc1
452,DB00984,Nandrolone phenpropionate,C[C@]12CC[C@H]3[C@@H](CCC4=CC(=O)CC[C@@H]43)[C@@H]1CC[C@@H]2OC(=O)CCc1ccccc1
453,DB00987,Cytarabine,Nc1ccn([C@@H]2O[C@H](CO)[C@@H](O)[C@@H]2O)c(=O)n1
454,DB00988,Dopamine,NCCc1ccc(O)c(O)c1
455,DB00989,Rivastigmine,CCN(C)C(=O)Oc1cccc([C@H](C)N(C)C)c1
456,DB00990,Exemestane,C=C1C[C@@H]2[C@H](CC[C@]3(C)C(=O)CC[C@@H]23)[C@@]2(C)C=CC(=O)C=C12
457,DB00991,Oxaprozin,O=C(O)CCc1nc(-c2ccccc2)c(-c2ccccc2)o1
458,DB00992,Methyl aminolevulinate,COC(=O)CCC(=O)CN
459,DB00993,Azathioprine,Cn1cnc([N+](=O)[O-])c1Sc1ncnc2nc[nH]c12
460,DB00995,Auranofin,CC[P+](CC)(CC)[Au-]S[C@@H]1O[C@H](COC(C)=O)[C@@H](OC(C)=O)[C@H](OC(C)=O)[C@H]1OC(C)=O
461,DB00996,Gabapentin,NCC1(CC(=O)O)CCCCC1
462,DB00997,Doxorubicin,COc1cccc2c1C(=O)c1c(O)c3c(c(O)c1C2=O)C[C@@](O)(C(=O)CO)C[C@@H]3O[C@H]1C[C@H](N)[C@H](O)[C@H](C)O1
463,DB00998,Frovatriptan,CN[C@@H]1CCc2[nH]c3ccc(C(N)=O)cc3c2C1
464,DB00999,Hydrochlorothiazide,NS(=O)(=O)c1cc2c(cc1Cl)NCNS2(=O)=O
465,DB01001,Salbutamol,CC(C)(C)NCC(O)c1ccc(O)c(CO)c1
466,DB01002,Levobupivacaine,CCCCN1CCCC[C@H]1C(=O)Nc1c(C)cccc1C
467,DB01003,Cromoglicic acid,O=C(O)c1cc(=O)c2c(OCC(O)COc3cccc4oc(C(=O)O)cc(=O)c34)cccc2o1
468,DB01005,Hydroxyurea,NC(=O)NO
469,DB01006,Letrozole,N#Cc1ccc(C(c2ccc(C#N)cc2)n2cncn2)cc1
470,DB01008,Busulfan,CS(=O)(=O)OCCCCOS(C)(=O)=O
471,DB01009,Ketoprofen,CC(C(=O)O)c1cccc(C(=O)c2ccccc2)c1
472,DB01012,Cinacalcet,C[C@@H](NCCCc1cccc(C(F)(F)F)c1)c1cccc2ccccc12
473,DB01013,Clobetasol propionate,CCC(=O)O[C@]1(C(=O)CCl)[C@@H](C)C[C@H]2[C@@H]3CCC4=CC(=O)C=C[C@]4(C)[C@@]3(F)[C@@H](O)C[C@@]21C
474,DB01014,Balsalazide,O=C(O)CCNC(=O)c1ccc(/N=N/c2ccc(O)c(C(=O)O)c2)cc1
475,DB01016,Glyburide,COc1ccc(Cl)cc1C(=O)NCCc1ccc(S(=O)(=O)NC(=O)NC2CCCCC2)cc1
476,DB01017,Minocycline,CN(C)c1ccc(O)c2c1C[C@H]1C[C@H]3[C@H](N(C)C)C(O)=C(C(N)=O)C(=O)[C@@]3(O)C(O)=C1C2=O
477,DB01018,Guanfacine,N=C(N)NC(=O)Cc1c(Cl)cccc1Cl
478,DB01019,Bethanechol,CC(C[N+](C)(C)C)OC(N)=O
479,DB01020,Isosorbide mononitrate,O=[N+]([O-])O[C@@H]1CO[C@H]2[C@@H]1OC[C@@H]2O
480,DB01023,Felodipine,CCOC(=O)C1=C(C)NC(C)=C(C(=O)OC)C1c1cccc(Cl)c1Cl
481,DB01026,Ketoconazole,CC(=O)N1CCN(c2ccc(OCC3COC(Cn4ccnc4)(c4ccc(Cl)cc4Cl)O3)cc2)CC1
482,DB01029,Irbesartan,CCCCC1=NC2(CCCC2)C(=O)N1Cc1ccc(-c2ccccc2-c2nn[nH]n2)cc1
483,DB01030,Topotecan,CC[C@@]1(O)C(=O)OCc2c1cc1n(c2=O)Cc2cc3c(CN(C)C)c(O)ccc3nc2-1
484,DB01033,Mercaptopurine,S=c1nc[nH]c2nc[nH]c12
485,DB01035,Procainamide,CCN(CC)CCNC(=O)c1ccc(N)cc1
486,DB01037,Selegiline,C#CCN(C)[C@H](C)Cc1ccccc1
487,DB01039,Fenofibrate,CC(C)OC(=O)C(C)(C)Oc1ccc(C(=O)c2ccc(Cl)cc2)cc1
488,DB01041,Thalidomide,O=C1CCC(N2C(=O)c3ccccc3C2=O)C(=O)N1
489,DB01042,Melphalan,N[C@@H](Cc1ccc(N(CCCl)CCCl)cc1)C(=O)O
490,DB01043,Memantine,CC12CC3CC(C)(C1)CC(N)(C3)C2
491,DB01045,Rifampicin,CO[C@H]1/C=C/O[C@@]2(C)Oc3c(C)c(O)c4c(O)c(c(/C=N/N5CCN(C)CC5)c(O)c4c3C2=O)NC(=O)/C(C)=C\C=C\[C@H](C)[C@H](O)[C@@H](C)[C@@H](O)[C@@H](C)[C@H](OC(C)=O)[C@@H]1C
492,DB01046,Lubiprostone,CCCCC(F)(F)[C@@]1(O)CC[C@H]2[C@@H](CC(=O)[C@@H]2CCCCCCC(=O)O)O1
493,DB01050,Ibuprofen,CC(C)Cc1ccc(C(C)C(=O)O)cc1
494,DB01058,Praziquantel,O=C(C1CCCCC1)N1CC(=O)N2CCc3ccccc3C2C1
495,DB01062,Oxybutynin,CCN(CC)CC#CCOC(=O)C(O)(c1ccccc1)C1CCCCC1
496,DB01063,Acetophenazine,CC(=O)c1ccc2c(c1)N(CCCN1CCN(CCO)CC1)c1ccccc1S2
497,DB01064,Isoprenaline,CC(C)NCC(O)c1ccc(O)c(O)c1
498,DB01065,Melatonin,COc1ccc2[nH]cc(CCNC(C)=O)c2c1
499,DB01067,Glipizide,Cc1cnc(C(=O)NCCc2ccc(S(=O)(=O)NC(=O)NC3CCCCC3)cc2)cn1
500,DB01068,Clonazepam,O=C1CN=C(c2ccccc2Cl)c2cc([N+](=O)[O-])ccc2N1
501,DB01069,Promethazine,CC(CN1c2ccccc2Sc2ccccc21)N(C)C
502,DB01070,Dihydrotachysterol,CC(C)[C@@H](C)/C=C/[C@@H](C)[C@H]1CC[C@H]2/C(=C/C=C3\C[C@@H](O)CC[C@@H]3C)CCC[C@]12C
503,DB01071,Mequitazine,c1ccc2c(c1)Sc1ccccc1N2CC1CN2CCC1CC2
504,DB01072,Atazanavir,COC(=O)N[C@H](C(=O)N[C@@H](Cc1ccccc1)[C@@H](O)CN(Cc1ccc(-c2ccccn2)cc1)NC(=O)[C@@H](NC(=O)OC)C(C)(C)C)C(C)(C)C
505,DB01073,Fludarabine,Nc1nc(F)nc2c1ncn2[C@@H]1O[C@H](CO)[C@@H](O)[C@@H]1O
506,DB01075,Diphenhydramine,CN(C)CCOC(c1ccccc1)c1ccccc1
507,DB01076,Atorvastatin,CC(C)c1c(C(=O)Nc2ccccc2)c(-c2ccccc2)c(-c2ccc(F)cc2)n1CC[C@@H](O)C[C@@H](O)CC(=O)O
508,DB01077,Etidronic acid,CC(O)(P(=O)(O)O)P(=O)(O)O
509,DB01080,Vigabatrin,C=CC(N)CCC(=O)O
510,DB01083,Orlistat,CCCCCCCCCCC[C@@H](C[C@@H]1OC(=O)[C@H]1CCCCCC)OC(=O)[C@H](CC(C)C)NC=O
511,DB01084,Emedastine,CCOCCn1c(N2CCCN(C)CC2)nc2ccccc21
512,DB01085,Pilocarpine,CC[C@@H]1C(=O)OC[C@@H]1Cc1cncn1C
513,DB01086,Benzocaine,CCOC(=O)c1ccc(N)cc1
514,DB01088,Iloprost,CC#CCC(C)[C@H](O)/C=C/[C@@H]1[C@H]2C/C(=C/CCCC(=O)O)C[C@H]2C[C@H]1O
515,DB01095,Fluvastatin,CC(C)n1c(/C=C/C(O)CC(O)CC(=O)O)c(-c2ccc(F)cc2)c2ccccc21
516,DB01098,Rosuvastatin,CC(C)c1nc(N(C)S(C)(=O)=O)nc(-c2ccc(F)cc2)c1/C=C/[C@@H](O)C[C@@H](O)CC(=O)O
517,DB01099,Flucytosine,Nc1nc(=O)[nH]cc1F
518,DB01101,Capecitabine,CCCCCOC(=O)Nc1nc(=O)n([C@@H]2O[C@H](C)[C@@H](O)[C@H]2O)cc1F
519,DB01104,Sertraline,CN[C@H]1CC[C@@H](c2ccc(Cl)c(Cl)c2)c2ccccc21
520,DB01105,Sibutramine,CC(C)CC(N(C)C)C1(c2ccc(Cl)cc2)CCC1
521,DB01106,Levocabastine,C[C@@H]1CN([C@H]2CC[C@](C#N)(c3ccc(F)cc3)CC2)CC[C@]1(C(=O)O)c1ccccc1
522,DB01110,Miconazole,Clc1ccc(COC(Cn2ccnc2)c2ccc(Cl)cc2Cl)c(Cl)c1
523,DB01113,Papaverine,COc1ccc(Cc2nccc3cc(OC)c(OC)cc23)cc1OC
524,DB01114,Chlorpheniramine,CN(C)CCC(c1ccc(Cl)cc1)c1ccccn1
525,DB01115,Nifedipine,COC(=O)C1=C(C)NC(C)=C(C(=O)OC)C1c1ccccc1[N+](=O)[O-]
526,DB01118,Amiodarone,CCCCc1oc2ccccc2c1C(=O)c1cc(I)c(OCCN(CC)CC)c(I)c1
527,DB01120,Gliclazide,Cc1ccc(S(=O)(=O)NC(=O)NN2C[C@H]3CCC[C@H]3C2)cc1
528,DB01122,Ambenonium,CC[N+](CC)(CCNC(=O)C(=O)NCC[N+](CC)(CC)Cc1ccccc1Cl)Cc1ccccc1Cl
529,DB01124,Tolbutamide,CCCCNC(=O)NS(=O)(=O)c1ccc(C)cc1
530,DB01125,Anisindione,COc1ccc(C2C(=O)c3ccccc3C2=O)cc1
531,DB01128,Bicalutamide,CC(O)(CS(=O)(=O)c1ccc(F)cc1)C(=O)Nc1ccc(C#N)c(C(F)(F)F)c1
532,DB01129,Rabeprazole,COCCCOc1ccnc(CS(=O)c2nc3ccccc3[nH]2)c1C
533,DB01132,Pioglitazone,CCc1ccc(CCOc2ccc(CC3SC(=O)NC3=O)cc2)nc1
534,DB01133,Tiludronic acid,O=P(O)(O)C(Sc1ccc(Cl)cc1)P(=O)(O)O
535,DB01136,Carvedilol,COc1ccccc1OCCNCC(O)COc1cccc2[nH]c3ccccc3c12
536,DB01137,Levofloxacin,C[C@H]1COc2c(N3CCN(C)CC3)c(F)cc3c(=O)c(C(=O)O)cn1c23
537,DB01142,Doxepin,CN(C)CCC=C1c2ccccc2COc2ccccc21
538,DB01143,Amifostine,NCCCNCCSP(=O)(O)O
539,DB01144,Diclofenamide,NS(=O)(=O)c1cc(Cl)c(Cl)c(S(N)(=O)=O)c1
540,DB01146,Diphenylpyraline,CN1CCC(OC(c2ccccc2)c2ccccc2)CC1
541,DB01148,Flavoxate,Cc1c(-c2ccccc2)oc2c(C(=O)OCCN3CCCCC3)cccc2c1=O
542,DB01151,Desipramine,CNCCCN1c2ccccc2CCc2ccccc21
543,DB01156,Bupropion,CC(NC(C)(C)C)C(=O)c1cccc(Cl)c1
544,DB01157,Trimetrexate,COc1cc(NCc2ccc3nc(N)nc(N)c3c2C)cc(OC)c1OC
545,DB01161,Chloroprocaine,CCN(CC)CCOC(=O)c1ccc(N)cc1Cl
546,DB01162,Terazosin,COc1cc2nc(N3CCN(C(=O)C4CCCO4)CC3)nc(N)c2cc1OC
547,DB01165,Ofloxacin,CC1COc2c(N3CCN(C)CC3)c(F)cc3c(=O)c(C(=O)O)cn1c23
548,DB01167,Itraconazole,CCC(C)n1ncn(-c2ccc(N3CCN(c4ccc(OC[C@H]5CO[C@](Cn6cncn6)(c6ccc(Cl)cc6Cl)O5)cc4)CC3)cc2)c1=O
549,DB01169,Arsenic trioxide,O=[As]O[As]=O
550,DB01170,Guanethidine,NC(N)=NCCN1CCCCCCC1
551,DB01173,Orphenadrine,Cc1ccccc1C(OCCN(C)C)c1ccccc1
552,DB01174,Phenobarbital,CCC1(c2ccccc2)C(=O)NC(=O)NC1=O
553,DB01175,Escitalopram,CN(C)CCC[C@@]1(c2ccc(F)cc2)OCc2cc(C#N)ccc21
554,DB01176,Cyclizine,CN1CCN(C(c2ccccc2)c2ccccc2)CC1
555,DB01177,Idarubicin,CC(=O)[C@]1(O)Cc2c(O)c3c(c(O)c2[C@@H](O[C@H]2C[C@H](N)[C@H](O)[C@H](C)O2)C1)C(=O)c1ccccc1C3=O
556,DB01181,Ifosfamide,O=P1(NCCCl)OCCCN1CCCl
557,DB01182,Propafenone,CCCNCC(O)COc1ccccc1C(=O)CCc1ccccc1
558,DB01185,Fluoxymesterone,C[C@]1(O)CC[C@H]2[C@@H]3CCC4=CC(=O)CC[C@]4(C)[C@@]3(F)[C@@H](O)C[C@@]21C
559,DB01186,Pergolide,CCCN1C[C@H](CSC)C[C@@H]2c3cccc4[nH]cc(c34)C[C@H]21
560,DB01188,Ciclopirox,Cc1cc(C2CCCCC2)n(O)c(=O)c1
561,DB01189,Desflurane,FC(F)OC(F)C(F)(F)F
562,DB01192,Oxymorphone,CN1CC[C@]23c4c5ccc(O)c4O[C@H]2C(=O)CC[C@@]3(O)[C@H]1C5
563,DB01193,Acebutolol,CCCC(=O)Nc1ccc(OCC(O)CNC(C)C)c(C(C)=O)c1
564,DB01194,Brinzolamide,CCN[C@H]1CN(CCCOC)S(=O)(=O)c2sc(S(N)(=O)=O)cc21
565,DB01195,Flecainide,O=C(NCC1CCCCN1)c1cc(OCC(F)(F)F)ccc1OCC(F)(F)F
566,DB01196,Estramustine,C[C@]12CC[C@@H]3c4ccc(OC(=O)N(CCCl)CCCl)cc4CC[C@H]3[C@@H]1CC[C@@H]2O
567,DB01197,Captopril,C[C@H](CS)C(=O)N1CCC[C@H]1C(=O)O
568,DB01200,Bromocriptine,CC(C)C[C@H]1C(=O)N2CCC[C@H]2[C@]2(O)O[C@](NC(=O)[C@@H]3C=C4c5cccc6[nH]c(Br)c(c56)C[C@H]4N(C)C3)(C(C)C)C(=O)N12
569,DB01202,Levetiracetam,CC[C@@H](C(N)=O)N1CCCC1=O
570,DB01203,Nadolol,CC(C)(C)NCC(O)COc1cccc2c1C[C@H](O)[C@H](O)C2
571,DB01204,Mitoxantrone,O=C1c2c(O)ccc(O)c2C(=O)c2c(NCCNCCO)ccc(NCCNCCO)c21
572,DB01210,Levobunolol,CC(C)(C)NC[C@H](O)COc1cccc2c1CCCC2=O
573,DB01214,Metipranolol,CC(=O)Oc1c(C)cc(OCC(O)CNC(C)C)c(C)c1C
574,DB01216,Finasteride,CC(C)(C)NC(=O)[C@H]1CC[C@H]2[C@@H]3CC[C@H]4NC(=O)C=C[C@]4(C)[C@H]3CC[C@]12C
575,DB01217,Anastrozole,CC(C)(C#N)c1cc(Cn2cncn2)cc(C(C)(C)C#N)c1
576,DB01219,Dantrolene,O=C1CN(/N=C/c2ccc(-c3ccc([N+](=O)[O-])cc3)o2)C(=O)N1
577,DB01221,Ketamine,CNC1(c2ccccc2Cl)CCCCC1=O
578,DB01222,Budesonide,CCCC1O[C@@H]2C[C@H]3[C@@H]4CCC5=CC(=O)C=C[C@]5(C)[C@H]4[C@@H](O)C[C@]3(C)[C@]2(C(=O)CO)O1
579,DB01223,Aminophylline,Cn1c(=O)c2[nH]cnc2n(C)c1=O.Cn1c(=O)c2[nH]cnc2n(C)c1=O.NCCN
580,DB01224,Quetiapine,OCCOCCN1CCN(C2=Nc3ccccc3Sc3ccccc32)CC1
581,DB01225,Enoxaparin,CC(=O)NC1C(C(C(OC1O)COS(=O)(=O)O)OC2C(C(C(C(O2)C(=O)O)OC3C(C(C(C(O3)CO)OC4C(C(C(C(O4)C(=O)O)O)O)OS(=O)(=O)O)OS(=O)(=O)O)NS(=O)(=O)O)O)OS(=O)(=O)O)O
582,DB01228,Encainide,COc1ccc(C(=O)Nc2ccccc2CCC2CCCCN2C)cc1
583,DB01229,Paclitaxel,CC(=O)O[C@H]1C(=O)[C@@]2(C)[C@H]([C@H](OC(=O)c3ccccc3)[C@]3(O)C[C@H](OC(=O)[C@H](O)[C@@H](NC(=O)c4ccccc4)c4ccccc4)C(C)=C1C3(C)C)[C@]1(OC(C)=O)CO[C@@H]1C[C@@H]2O
584,DB01231,Diphenidol,OC(CCCN1CCCCC1)(c1ccccc1)c1ccccc1
585,DB01232,Saquinavir,CC(C)(C)NC(=O)[C@@H]1C[C@@H]2CCCC[C@@H]2CN1C[C@@H](O)[C@H](Cc1ccccc1)NC(=O)[C@H](CC(N)=O)NC(=O)c1ccc2ccccc2n1
586,DB01233,Metoclopramide,CCN(CC)CCNC(=O)c1cc(Cl)c(N)cc1OC
587,DB01234,Dexamethasone,C[C@@H]1C[C@H]2[C@@H]3CCC4=CC(=O)C=C[C@]4(C)[C@@]3(F)[C@@H](O)C[C@]2(C)[C@@]1(O)C(=O)CO
588,DB01235,Levodopa,N[C@@H](Cc1ccc(O)c(O)c1)C(=O)O
589,DB01237,Bromodiphenhydramine,CN(C)CCOC(c1ccccc1)c1ccc(Br)cc1
590,DB01238,Aripiprazole,O=C1CCc2ccc(OCCCCN3CCN(c4cccc(Cl)c4Cl)CC3)cc2N1
591,DB01240,Epoprostenol,CCCCC[C@H](O)/C=C/[C@@H]1[C@H]2C/C(=C/CCCC(=O)O)O[C@H]2C[C@H]1O
592,DB01241,Gemfibrozil,Cc1ccc(C)c(OCCCC(C)(C)C(=O)O)c1
593,DB01242,Clomipramine,CN(C)CCCN1c2ccccc2CCc2ccc(Cl)cc21
594,DB01244,Bepridil,CC(C)COCC(CN(Cc1ccccc1)c1ccccc1)N1CCCC1
595,DB01246,Alimemazine,CC(CN(C)C)CN1c2ccccc2Sc2ccccc21
596,DB01248,Docetaxel,CC(=O)O[C@@]12CO[C@@H]1C[C@H](O)[C@@]1(C)C(=O)[C@H](O)C3=C(C)[C@@H](OC(=O)[C@H](O)[C@@H](NC(=O)OC(C)(C)C)c4ccccc4)C[C@@](O)([C@@H](OC(=O)c4ccccc4)[C@H]21)C3(C)C
597,DB01250,Olsalazine,O=C(O)c1cc(/N=N/c2ccc(O)c(C(=O)O)c2)ccc1O
598,DB01254,Dasatinib,Cc1nc(Nc2ncc(C(=O)Nc3c(C)cccc3Cl)s2)cc(N2CCN(CCO)CC2)n1
599,DB01255,Lisdexamfetamine,C[C@@H](Cc1ccccc1)NC(=O)[C@@H](N)CCCCN
600,DB01258,Aliskiren,COCCCOc1cc(C[C@@H](C[C@H](N)[C@@H](O)C[C@H](C(=O)NCC(C)(C)C(N)=O)C(C)C)C(C)C)ccc1OC
601,DB01259,Lapatinib,CS(=O)(=O)CCNCc1ccc(-c2ccc3ncnc(Nc4ccc(OCc5cccc(F)c5)c(Cl)c4)c3c2)o1
602,DB01260,Desonide,CC1(C)O[C@@H]2C[C@H]3[C@@H]4CCC5=CC(=O)C=C[C@]5(C)[C@H]4[C@@H](O)C[C@]3(C)[C@]2(C(=O)CO)O1
603,DB01261,Sitagliptin,N[C@@H](CC(=O)N1CCn2c(nnc2C(F)(F)F)C1)Cc1cc(F)c(F)cc1F
604,DB01262,Decitabine,Nc1ncn([C@H]2C[C@H](O)[C@@H](CO)O2)c(=O)n1
605,DB01267,Paliperidone,Cc1nc2n(c(=O)c1CCN1CCC(c3noc4cc(F)ccc34)CC1)CCCC2O
606,DB01268,Sunitinib,CCN(CC)CCNC(=O)c1c(C)[nH]c(/C=C2\C(=O)Nc3ccc(F)cc32)c1C
607,DB01275,Hydralazine,NNc1nncc2ccccc12
608,DB01283,Lumiracoxib,Cc1ccc(Nc2c(F)cccc2Cl)c(CC(=O)O)c1
609,DB01291,Pirbuterol,CC(C)(C)NCC(O)c1ccc(O)c(CO)n1
610,DB01296,Glucosamine,N[C@H]1C(O)O[C@H](CO)[C@@H](O)[C@@H]1O
611,DB01320,Fosphenytoin,O=C1NC(c2ccccc2)(c2ccccc2)C(=O)N1COP(=O)(O)O
612,DB01327,Cefazolin,Cc1nnc(SCC2=C(C(=O)O)N3C(=O)[C@@H](NC(=O)Cn4cnnn4)[C@H]3SC2)s1
613,DB01351,Amobarbital,CCC1(CCC(C)C)C(=O)NC(=O)NC1=O
614,DB01356,Lithium cation,[Li+]
615,DB01359,Penbutolol,CC(C)(C)NC[C@H](O)COc1ccccc1C1CCCC1
616,DB01364,Ephedrine,CN[C@@H](C)[C@H](O)c1ccccc1
617,DB01367,Rasagiline,C#CCN[C@@H]1CCc2ccccc21
618,DB01390,Sodium bicarbonate,O=C([O-])O.[Na+]
619,DB01394,Colchicine,COc1cc2c(c(OC)c1OC)-c1ccc(OC)c(=O)cc1[C@@H](NC(C)=O)CC2
620,DB01395,Drospirenone,C[C@]12CCC(=O)C=C1[C@@H]1C[C@@H]1[C@H]1[C@@H]3[C@@H]4C[C@@H]4[C@@]4(CCC(=O)O4)[C@@]3(C)CC[C@@H]12
621,DB01399,Salsalate,O=C(Oc1ccccc1C(=O)O)c1ccccc1O
622,DB01400,Neostigmine,CN(C)C(=O)Oc1cccc([N+](C)(C)C)c1
623,DB01403,Methotrimeprazine,COc1ccc2c(c1)N(C[C@H](C)CN(C)C)c1ccccc1S2
624,DB01406,Danazol,C#C[C@]1(O)CC[C@H]2[C@@H]3CCC4=Cc5oncc5C[C@]4(C)[C@H]3CC[C@@]21C
625,DB01410,Ciclesonide,CC(C)C(=O)OCC(=O)[C@@]12O[C@H](C3CCCCC3)O[C@@H]1C[C@H]1[C@@H]3CCC4=CC(=O)C=C[C@]4(C)[C@H]3[C@@H](O)C[C@@]12C
626,DB01427,Amrinone,Nc1cc(-c2ccncc2)c[nH]c1=O
627,DB01440,gamma-Hydroxybutyric acid,O=C(O)CCCO
628,DB01551,Dihydrocodeine,COc1ccc2c3c1O[C@H]1[C@@H](O)CC[C@H]4[C@@H](C2)N(C)CC[C@@]341
629,DB01576,Dextroamphetamine,C[C@H](N)Cc1ccccc1
630,DB01577,Metamfetamine,CN[C@@H](C)Cc1ccccc1
631,DB01579,Phendimetrazine,C[C@H]1[C@H](c2ccccc2)OCCN1C
632,DB01590,Everolimus,CO[C@H]1C[C@@H]2CC[C@@H](C)[C@@](O)(O2)C(=O)C(=O)N2CCCC[C@H]2C(=O)O[C@H]([C@H](C)C[C@@H]2CC[C@@H](OCCO)[C@H](OC)C2)CC(=O)[C@H](C)/C=C(\C)[C@@H](O)[C@@H](OC)C(=O)[C@H](C)C[C@H](C)/C=C/C=C/C=C/1C
633,DB01611,Hydroxychloroquine,CCN(CCO)CCCC(C)Nc1ccnc2cc(Cl)ccc12
634,DB01620,Pheniramine,CN(C)CCC(c1ccccc1)c1ccccn1
635,DB01623,Thiothixene,CN1CCN(CC/C=C2/c3ccccc3Sc3ccc(S(=O)(=O)N(C)C)cc32)CC1
636,DB01628,Etoricoxib,Cc1ccc(-c2ncc(Cl)cc2-c2ccc(S(C)(=O)=O)cc2)cn1
637,DB02546,Vorinostat,O=C(CCCCCCC(=O)Nc1ccccc1)NO
638,DB04571,Trioxsalen,Cc1cc2cc3c(C)cc(=O)oc3c(C)c2o1
639,DB04844,Tetrabenazine,COc1cc2c(cc1OC)C1CC(=O)C(CC(C)C)CN1CC2
640,DB04861,Nebivolol,OC(CNCC(O)C1CCc2cc(F)ccc2O1)C1CCc2cc(F)ccc2O1
641,DB04865,Omacetaxine mepesuccinate,COC(=O)C[C@](O)(CCCC(C)(C)O)C(=O)O[C@@H]1C(OC)=C[C@]23CCCN2CCc2cc4c(cc2[C@H]13)OCO4
642,DB04868,Nilotinib,Cc1cn(-c2cc(NC(=O)c3ccc(C)c(Nc4nccc(-c5cccnc5)n4)c3)cc(C(F)(F)F)c2)cn1
643,DB05271,Rotigotine,CCCN(CCc1cccs1)[C@H]1CCc2c(O)cccc2C1
644,DB06196,Icatibant,N=C(N)NCCC[C@@H](N)C(=O)N[C@@H](CCCNC(=N)N)C(=O)N1CCC[C@H]1C(=O)N1C[C@H](O)C[C@H]1C(=O)NCC(=O)N[C@@H](Cc1cccs1)C(=O)N[C@@H](CO)C(=O)N1Cc2ccccc2C[C@@H]1C(=O)N1[C@H](C(=O)N[C@@H](CCCNC(=N)N)C(=O)O)C[C@@H]2CCCC[C@@H]21
645,DB06201,Rufinamide,NC(=O)c1cn(Cc2c(F)cccc2F)nn1
646,DB06268,Sitaxentan,Cc1cc2c(cc1CC(=O)c1sccc1S(=O)(=O)Nc1onc(C)c1Cl)OCO2
647,DB06287,Temsirolimus,CO[C@H]1CC2CC[C@@H](C)[C@@](O)(O2)C(=O)C(=O)N2CCCC[C@H]2C(=O)O[C@H]([C@H](C)C[C@@H]2CC[C@@H](OC(=O)C(C)(CO)CO)[C@H](OC)C2)CC(=O)[C@H](C)/C=C(\C)[C@@H](O)[C@@H](OC)C(=O)[C@H](C)C[C@H](C)/C=C/C=C/C=C/1C
648,DB06718,Stanozolol,C[C@]12Cc3c[nH]nc3C[C@@H]1CC[C@@H]1[C@@H]2CC[C@@]2(C)[C@H]1CC[C@]2(C)O
649,DB06803,Niclosamide,O=C(Nc1ccc([N+](=O)[O-])cc1Cl)c1cc(Cl)ccc1O
650,DB08799,Antazoline,c1ccc(CN(CC2=NCCN2)c2ccccc2)cc1
651,DB08800,Chloropyramine,CN(C)CCN(Cc1ccc(Cl)cc1)c1ccccn1
652,DB08801,Dimetindene,CC(C1=C(CCN(C)C)Cc2ccccc21)c1ccccn1
653,DB08802,Isothipendyl,CC(CN1c2ccccc2Sc2cccnc21)N(C)C
654,DB08803,Tymazoline,Cc1ccc(C(C)C)c(OCC2=NCCN2)c1
655,DB08804,Nandrolone decanoate,CCCCCCCCCC(=O)O[C@H]1CC[C@H]2[C@@H]3CCC4=CC(=O)CC[C@@H]4[C@H]3CC[C@]12C
656,DB08820,Ivacaftor,CC(C)(C)c1cc(C(C)(C)C)c(NC(=O)c2c[nH]c3ccccc3c2=O)cc1O
657,DB08824,Ioflupane I-123,COC(=O)[C@H]1[C@@H](c2ccc([123I])cc2)C[C@@H]2CC[C@H]1N2CCCF
658,DB08835,Spaglumic acid,CC(=O)N[C@@H](CC(=O)N[C@@H](CCC(=O)O)C(=O)O)C(=O)O
659,DB08896,Regorafenib,CNC(=O)c1cc(Oc2ccc(NC(=O)Nc3ccc(Cl)c(C(F)(F)F)c3)c(F)c2)ccn1
660,DB08901,Ponatinib,Cc1ccc(C(=O)Nc2ccc(CN3CCN(C)CC3)c(C(F)(F)F)c2)cc1C#Cc1cnc2cccnn12
661,DB08906,Fluticasone furoate,C[C@@H]1C[C@H]2[C@@H]3C[C@H](F)C4=CC(=O)C=C[C@]4(C)[C@@]3(F)[C@@H](O)C[C@]2(C)[C@@]1(OC(=O)c1ccco1)C(=O)SCF
662,DB08907,Canagliflozin,Cc1ccc([C@@H]2O[C@H](CO)[C@@H](O)[C@H](O)[C@H]2O)cc1Cc1ccc(-c2ccc(F)cc2)s1
